session date,observer id,session id,location id,participant id,session start,session end,observer/session/task id,Cosa,Cosa (subcategories),start time,end time,elapsed time,total time,[Con Chi] Paziente,[Con Chi] Parente/badante,[Con Chi] Infermiere,[Con Chi] Medico/consulente,[Con Chi] OSS,[Con Chi] Specializzando,[Con Chi] Tecnico,[Con Chi] Altro,[Come] PC carrello,[Come] PC scrivania,[Come] Documenti,[Come] Telefono,[Come] Altro,Dove,ended by,multi with,num of multitask fragments,num of tasks in multi 1,multi task id 1,multi start 1,multi end 1,num of tasks in multi 2,multi task id 2,multi start 2,multi end 2,num of tasks in multi 3,multi task id 3,multi start 3,multi end 3,total overlapping time,is interrupting task?,interrupted by,num of interrupts,int task id 1,int start 1,int end 1,int task id 2,int start 2,int end 2,active 1,active 2,active 3,inactive 1,inactive 2,Participant: Age,Participant: Occupation,is session complete?
2018-05-28,2,52,01,co01,14:23:42,14:32:51,2_52_536,Terapia,Lettura prescrizione,14:23:42,14:24:16,00:00:34,00:00:34,0,0,0,0,0,0,0,0,1,0,0,0,0,Corridoio,2_52_537,"",0,"","","","","","","","","","","","",00:00:00,false,"",0,"","","","","","",00:00:34,"","","","","","",TRUE
2018-05-28,2,52,01,co01,14:23:42,14:32:51,2_52_537,ComProfessionale,0,14:24:16,14:24:23,00:00:07,00:00:07,1,0,0,0,0,0,0,0,0,0,0,0,0,Stanza Paziente,2_52_538,"",0,"","","","","","","","","","","","",00:00:00,false,"",0,"","","","","","",00:00:07,"","","","","","",TRUE
2018-05-28,2,52,01,co01,14:23:42,14:32:51,2_52_538,Spostamenti,0,14:24:23,14:24:30,00:00:07,00:00:07,0,0,0,0,0,0,0,0,0,0,0,0,0,Corridoio,2_52_539,"",0,"","","","","","","","","","","","",00:00:00,false,"",0,"","","","","","",00:00:07,"","","","","","",TRUE
2018-05-28,2,52,01,co01,14:23:42,14:32:51,2_52_539,Terapia,Spunta STU somministrazione,14:24:30,14:24:41,00:00:11,00:00:11,0,0,0,0,0,0,0,0,0,0,0,0,0,0,2_52_540,"",0,"","","","","","","","","","","","",00:00:00,false,"",0,"","","","","","",00:00:11,"","","","","","",TRUE
2018-05-28,2,52,01,co01,14:23:42,14:32:51,2_52_540,Terapia,Preparazione farmaco,14:24:41,14:24:47,00:00:06,00:00:06,0,0,0,0,0,0,0,0,0,0,0,0,0,0,2_52_541,"",0,"","","","","","","","","","","","",00:00:00,false,"",0,"","","","","","",00:00:06,"","","","","","",TRUE
2018-05-28,2,52,01,co01,14:23:42,14:32:51,2_52_541,Terapia,Riordino/smaltimento,14:24:47,14:24:57,00:00:10,00:00:10,0,0,0,0,0,0,0,0,1,0,0,0,0,Corridoio,2_52_542,"",0,"","","","","","","","","","","","",00:00:00,false,"",0,"","","","","","",00:00:10,"","","","","","",TRUE
2018-05-28,2,52,01,co01,14:23:42,14:32:51,2_52_542,Terapia,Preparazione farmaco,14:24:57,14:25:03,00:00:06,00:00:06,0,0,0,0,0,0,0,0,1,0,0,0,0,Corridoio,2_52_543,"",0,"","","","","","","","","","","","",00:00:00,false,"",0,"","","","","","",00:00:06,"","","","","","",TRUE
2018-05-28,2,52,01,co01,14:23:42,14:32:51,2_52_543,Spostamenti,0,14:25:03,14:25:09,00:00:06,00:00:06,0,0,0,0,0,0,0,0,0,0,0,0,0,Corridoio,2_52_544,"",0,"","","","","","","","","","","","",00:00:00,false,"",0,"","","","","","",00:00:06,"","","","","","",TRUE
2018-05-28,2,52,01,co01,14:23:42,14:32:51,2_52_544,Terapia,Preparazione farmaco,14:25:09,14:25:30,00:00:21,00:00:21,1,0,0,0,0,0,0,0,0,0,0,0,0,Stanza Paziente,2_52_545,"",0,"","","","","","","","","","","","",00:00:00,false,"",0,"","","","","","",00:00:21,"","","","","","",TRUE
2018-05-28,2,52,01,co01,14:23:42,14:32:51,2_52_545,Terapia,Somministrazione iniettabili,14:25:30,14:26:26,00:00:56,00:00:56,1,0,0,0,0,0,0,0,0,0,0,0,0,Stanza Paziente,2_52_547,2_52_546,1,2,2_52_546,14:25:38,14:26:26,"","","","","","","","",00:00:48,false,"",0,"","","","","","",00:00:56,"","","","","","",TRUE
2018-05-28,2,52,01,co01,14:23:42,14:32:51,2_52_546,ComProfessionale,0,14:25:38,14:26:26,00:00:48,00:00:48,1,0,0,0,0,0,0,0,0,0,0,0,0,0,2_52_547,2_52_545,1,2,2_52_545,14:25:38,14:26:26,"","","","","","","","",00:00:48,false,"",0,"","","","","","",00:00:48,"","","","","","",TRUE
2018-05-28,2,52,01,co01,14:23:42,14:32:51,2_52_547,Spostamenti,0,14:26:26,14:26:34,00:00:08,00:00:08,0,0,0,0,0,0,0,0,0,0,0,0,0,Corridoio,2_52_548,"",0,"","","","","","","","","","","","",00:00:00,false,"",0,"","","","","","",00:00:08,"","","","","","",TRUE
2018-05-28,2,52,01,co01,14:23:42,14:32:51,2_52_548,Terapia,Lettura prescrizione,14:26:34,14:26:43,00:00:09,00:00:09,0,0,0,0,0,0,0,0,1,0,0,0,0,Corridoio,2_52_549,"",0,"","","","","","","","","","","","",00:00:00,false,"",0,"","","","","","",00:00:09,"","","","","","",TRUE
2018-05-28,2,52,01,co01,14:23:42,14:32:51,2_52_549,Terapia,Spunta STU somministrazione,14:26:43,14:26:49,00:00:06,00:00:06,0,0,0,0,0,0,0,0,1,0,0,0,0,Corridoio,2_52_550,"",0,"","","","","","","","","","","","",00:00:00,false,"",0,"","","","","","",00:00:06,"","","","","","",TRUE
2018-05-28,2,52,01,co01,14:23:42,14:32:51,2_52_550,Terapia,Preparazione farmaco,14:26:49,14:27:12,00:00:23,00:00:23,0,0,0,0,0,0,0,0,1,0,0,0,0,Corridoio,2_52_551,"",0,"","","","","","","","","","","","",00:00:00,false,"",0,"","","","","","",00:00:23,"","","","","","",TRUE
2018-05-28,2,52,01,co01,14:23:42,14:32:51,2_52_551,Terapia,Spunta STU somministrazione,14:27:12,14:27:16,00:00:04,00:00:04,0,0,0,0,0,0,0,0,1,0,0,0,0,Corridoio,2_52_552,"",0,"","","","","","","","","","","","",00:00:00,false,"",0,"","","","","","",00:00:04,"","","","","","",TRUE
2018-05-28,2,52,01,co01,14:23:42,14:32:51,2_52_552,Terapia,Preparazione farmaco,14:27:16,14:27:25,00:00:09,00:00:09,0,0,0,0,0,0,0,0,1,0,0,0,0,Corridoio,2_52_553,"",0,"","","","","","","","","","","","",00:00:00,false,"",0,"","","","","","",00:00:09,"","","","","","",TRUE
2018-05-28,2,52,01,co01,14:23:42,14:32:51,2_52_553,Spostamenti,0,14:27:25,14:27:31,00:00:06,00:00:06,0,0,0,0,0,0,0,0,0,0,0,0,0,Corridoio,2_52_554,"",0,"","","","","","","","","","","","",00:00:00,false,"",0,"","","","","","",00:00:06,"","","","","","",TRUE
2018-05-28,2,52,01,co01,14:23:42,14:32:51,2_52_554,ComProfessionale,0,14:27:31,14:27:41,00:00:10,00:00:10,1,0,0,0,0,0,0,0,0,0,0,0,0,0,2_52_556,2_52_555,1,2,2_52_555,14:27:33,14:27:41,"","","","","","","","",00:00:08,false,"",0,"","","","","","",00:00:10,"","","","","","",TRUE
2018-05-28,2,52,01,co01,14:23:42,14:32:51,2_52_555,Terapia,Autosomministrazione,14:27:33,14:27:41,00:00:08,00:00:08,1,0,0,0,0,0,0,0,0,0,0,0,0,Corridoio,2_52_556,2_52_554,1,2,2_52_554,14:27:33,14:27:41,"","","","","","","","",00:00:08,false,"",0,"","","","","","",00:00:08,"","","","","","",TRUE
2018-05-28,2,52,01,co01,14:23:42,14:32:51,2_52_556,Terapia,Spunta STU somministrazione,14:27:41,14:28:06,00:00:25,00:00:25,0,0,0,0,0,0,0,0,1,0,0,0,0,Corridoio,2_52_557,"",0,"","","","","","","","","","","","",00:00:00,false,"",0,"","","","","","",00:00:25,"","","","","","",TRUE
2018-05-28,2,52,01,co01,14:23:42,14:32:51,2_52_557,Terapia,Spunta STU somministrazione,14:28:06,14:28:54,00:00:48,00:00:48,0,0,0,0,0,0,0,0,1,0,0,0,0,Corridoio,user,2_52_558,1,2,2_52_558,14:28:42,14:28:54,"","","","","","","","",00:00:12,false,"",0,"","","","","","",00:00:48,"","","","","","",TRUE
2018-05-28,2,52,01,co01,14:23:42,14:32:51,2_52_558,ComProfessionale,0,14:28:42,14:28:57,00:00:15,00:00:15,0,0,1,0,0,0,0,0,1,0,0,0,0,Corridoio,2_52_559,2_52_557,1,2,2_52_557,14:28:42,14:28:54,"","","","","","","","",00:00:12,false,"",0,"","","","","","",00:00:15,"","","","","","",TRUE
2018-05-28,2,52,01,co01,14:23:42,14:32:51,2_52_559,CuraIndiretta,Altra documentazione,14:28:57,14:29:58,00:01:01,00:01:01,0,0,0,0,0,0,0,0,1,0,0,0,0,Corridoio,2_52_560,"",0,"","","","","","","","","","","","",00:00:00,false,"",0,"","","","","","",00:01:01,"","","","","","",TRUE
2018-05-28,2,52,01,co01,14:23:42,14:32:51,2_52_560,Spostamenti,0,14:29:58,14:30:10,00:00:12,00:00:12,0,0,0,0,0,0,0,0,0,0,0,0,0,Corridoio,user,2_52_561,1,2,2_52_561,14:30:07,14:30:10,"","","","","","","","",00:00:03,false,"",0,"","","","","","",00:00:12,"","","","","","",TRUE
2018-05-28,2,52,01,co01,14:23:42,14:32:51,2_52_561,ComProfessionale,0,14:30:07,14:30:35,00:00:28,00:00:28,0,0,1,0,0,0,0,0,0,0,0,0,0,Corridoio,2_52_562,2_52_560,1,2,2_52_560,14:30:07,14:30:10,"","","","","","","","",00:00:03,false,"",0,"","","","","","",00:00:28,"","","","","","",TRUE
2018-05-28,2,52,01,co01,14:23:42,14:32:51,2_52_562,Spostamenti,0,14:30:35,14:30:51,00:00:16,00:00:16,0,0,0,0,0,0,0,0,0,0,0,0,0,Corridoio,2_52_564,2_52_563,1,2,2_52_563,14:30:40,14:30:46,"","","","","","","","",00:00:06,false,"",0,"","","","","","",00:00:16,"","","","","","",TRUE
2018-05-28,2,52,01,co01,14:23:42,14:32:51,2_52_563,ComProfessionale,0,14:30:40,14:30:46,00:00:06,00:00:06,0,0,1,0,0,0,0,0,0,0,0,0,0,Corridoio,user,2_52_562,1,2,2_52_562,14:30:40,14:30:46,"","","","","","","","",00:00:06,false,"",0,"","","","","","",00:00:06,"","","","","","",TRUE
2018-05-28,2,52,01,co01,14:23:42,14:32:51,2_52_564,ComProfessionale,0,14:30:51,14:32:51,00:02:00,00:02:00,0,0,1,0,0,0,0,0,0,0,0,0,0,Stanze Servizio,user,"",0,"","","","","","","","","","","","",00:00:00,false,"",0,"","","","","","",00:02:00,"","","","","","",TRUE
2018-05-28,2,53,01,co02,14:23:35,14:52:00,2_53_565,ComProfessionale,0,14:23:35,14:23:54,00:00:19,00:00:19,0,0,1,0,0,0,0,0,0,0,0,0,0,Stanze Servizio,2_53_566,"",0,"","","","","","","","","","","","",00:00:00,false,"",0,"","","","","","",00:00:19,"","","","","","",TRUE
2018-05-28,2,53,01,co02,14:23:35,14:52:00,2_53_566,Spostamenti,0,14:23:54,14:24:22,00:00:28,00:00:28,0,0,0,0,0,0,0,0,0,0,0,0,0,Corridoio,2_53_567,"",0,"","","","","","","","","","","","",00:00:00,false,"",0,"","","","","","",00:00:28,"","","","","","",TRUE
2018-05-28,2,53,01,co02,14:23:35,14:52:00,2_53_567,CuraIndiretta,Altra documentazione,14:24:22,14:24:32,00:00:10,00:00:10,0,0,0,0,0,0,0,0,1,0,0,0,0,Corridoio,2_53_568,"",0,"","","","","","","","","","","","",00:00:00,false,"",0,"","","","","","",00:00:10,"","","","","","",TRUE
2018-05-28,2,53,01,co02,14:23:35,14:52:00,2_53_568,CuraIndiretta,Altra documentazione,14:24:32,14:24:46,00:00:14,00:00:14,0,0,0,0,0,0,0,0,1,0,0,0,0,Corridoio,2_53_569,"",0,"","","","","","","","","","","","",00:00:00,false,"",0,"","","","","","",00:00:14,"","","","","","",TRUE
2018-05-28,2,53,01,co02,14:23:35,14:52:00,2_53_569,Terapia,Verifica assunzione,14:24:46,14:25:03,00:00:17,00:00:17,1,0,0,0,0,0,0,0,0,0,0,0,0,Stanza Paziente,2_53_570,"",0,"","","","","","","","","","","","",00:00:00,false,"",0,"","","","","","",00:00:17,"","","","","","",TRUE
2018-05-28,2,53,01,co02,14:23:35,14:52:00,2_53_570,ComProfessionale,0,14:25:03,14:25:20,00:00:17,00:00:17,0,0,0,0,1,0,0,0,0,0,0,0,0,Stanza Paziente,2_53_571,"",0,"","","","","","","","","","","","",00:00:00,false,"",0,"","","","","","",00:00:17,"","","","","","",TRUE
2018-05-28,2,53,01,co02,14:23:35,14:52:00,2_53_571,Igiene Mani,0,14:25:20,14:25:32,00:00:12,00:00:12,0,0,0,0,0,0,0,0,0,0,0,0,0,0,2_53_572,"",0,"","","","","","","","","","","","",00:00:00,false,"",0,"","","","","","",00:00:12,"","","","","","",TRUE
2018-05-28,2,53,01,co02,14:23:35,14:52:00,2_53_572,ComProfessionale,0,14:25:32,14:25:44,00:00:12,00:00:12,1,0,0,0,0,0,0,0,0,0,0,0,0,Stanza Paziente,2_53_573,"",0,"","","","","","","","","","","","",00:00:00,false,"",0,"","","","","","",00:00:12,"","","","","","",TRUE
2018-05-28,2,53,01,co02,14:23:35,14:52:00,2_53_573,ComProfessionale,0,14:25:44,14:26:03,00:00:19,00:00:19,0,1,0,0,0,0,0,0,0,0,0,0,0,Stanza Paziente,2_53_574,"",0,"","","","","","","","","","","","",00:00:00,false,"",0,"","","","","","",00:00:19,"","","","","","",TRUE
2018-05-28,2,53,01,co02,14:23:35,14:52:00,2_53_574,Spostamenti,0,14:26:03,14:26:08,00:00:05,00:00:05,0,0,0,0,0,0,0,0,0,0,0,0,0,Corridoio,2_53_575,"",0,"","","","","","","","","","","","",00:00:00,false,"",0,"","","","","","",00:00:05,"","","","","","",TRUE
2018-05-28,2,53,01,co02,14:23:35,14:52:00,2_53_575,Terapia,Riordino/smaltimento,14:26:08,14:26:27,00:00:19,00:00:19,0,0,0,0,0,0,0,0,1,0,0,0,0,Corridoio,2_53_576,"",0,"","","","","","","","","","","","",00:00:00,false,"",0,"","","","","","",00:00:19,"","","","","","",TRUE
2018-05-28,2,53,01,co02,14:23:35,14:52:00,2_53_576,Terapia,Preparazione farmaco,14:26:27,14:27:23,00:00:56,00:00:56,0,0,0,0,0,0,0,0,1,0,0,0,0,Corridoio,2_53_577,"",0,"","","","","","","","","","","","",00:00:00,false,"",0,"","","","","","",00:00:56,"","","","","","",TRUE
2018-05-28,2,53,01,co02,14:23:35,14:52:00,2_53_577,Spostamenti,0,14:27:23,14:27:27,00:00:04,00:00:04,0,0,0,0,0,0,0,0,0,0,0,0,0,Stanza Paziente,2_53_578,"",0,"","","","","","","","","","","","",00:00:00,false,"",0,"","","","","","",00:00:04,"","","","","","",TRUE
2018-05-28,2,53,01,co02,14:23:35,14:52:00,2_53_578,ComProfessionale,0,14:27:27,14:27:35,00:00:08,00:00:08,1,0,0,0,0,0,0,0,0,0,0,0,0,Stanza Paziente,2_53_579,"",0,"","","","","","","","","","","","",00:00:00,false,"",0,"","","","","","",00:00:08,"","","","","","",TRUE
2018-05-28,2,53,01,co02,14:23:35,14:52:00,2_53_579,Terapia,Preparazione farmaco,14:27:35,14:27:54,00:00:19,00:00:19,0,0,0,0,0,0,0,0,0,0,0,0,0,Stanza Paziente,2_53_580,"",0,"","","","","","","","","","","","",00:00:00,false,"",0,"","","","","","",00:00:19,"","","","","","",TRUE
2018-05-28,2,53,01,co02,14:23:35,14:52:00,2_53_580,Terapia,Somministrazione iniettabili,14:27:54,14:28:09,00:00:15,00:00:15,1,0,0,0,0,0,0,0,0,0,0,0,0,Stanza Paziente,2_53_581,"",0,"","","","","","","","","","","","",00:00:00,false,"",0,"","","","","","",00:00:15,"","","","","","",TRUE
2018-05-28,2,53,01,co02,14:23:35,14:52:00,2_53_581,ComProfessionale,0,14:28:09,14:28:24,00:00:15,00:00:15,1,0,0,0,0,0,0,0,0,0,0,0,0,Stanza Paziente,2_53_582,"",0,"","","","","","","","","","","","",00:00:00,false,"",0,"","","","","","",00:00:15,"","","","","","",TRUE
2018-05-28,2,53,01,co02,14:23:35,14:52:00,2_53_582,Terapia,Preparazione farmaco,14:28:24,14:28:34,00:00:10,00:00:10,0,0,0,0,0,0,0,0,0,0,0,0,0,Stanza Paziente,2_53_583,"",0,"","","","","","","","","","","","",00:00:00,false,"",0,"","","","","","",00:00:10,"","","","","","",TRUE
2018-05-28,2,53,01,co02,14:23:35,14:52:00,2_53_583,Terapia,Somministrazione iniettabili,14:28:34,14:28:44,00:00:10,00:00:10,0,0,0,0,0,0,0,0,0,0,0,0,0,Stanza Paziente,2_53_584,"",0,"","","","","","","","","","","","",00:00:00,false,"",0,"","","","","","",00:00:10,"","","","","","",TRUE
2018-05-28,2,53,01,co02,14:23:35,14:52:00,2_53_584,CuraDiretta,0,14:28:44,14:28:51,00:00:07,00:00:07,1,0,0,0,0,0,0,0,0,0,0,0,0,Stanza Paziente,2_53_585,"",0,"","","","","","","","","","","","",00:00:00,false,"",0,"","","","","","",00:00:07,"","","","","","",TRUE
2018-05-28,2,53,01,co02,14:23:35,14:52:00,2_53_585,Terapia,Somministrazione iniettabili,14:28:51,14:29:04,00:00:13,00:00:13,1,0,0,0,0,0,0,0,0,0,0,0,0,Stanza Paziente,2_53_586,"",0,"","","","","","","","","","","","",00:00:00,false,"",0,"","","","","","",00:00:13,"","","","","","",TRUE
2018-05-28,2,53,01,co02,14:23:35,14:52:00,2_53_586,Spostamenti,0,14:29:04,14:29:07,00:00:03,00:00:03,0,0,0,0,0,0,0,0,0,0,0,0,0,Corridoio,2_53_587,"",0,"","","","","","","","","","","","",00:00:00,false,"",0,"","","","","","",00:00:03,"","","","","","",TRUE
2018-05-28,2,53,01,co02,14:23:35,14:52:00,2_53_587,Terapia,Riordino/smaltimento,14:29:07,14:29:19,00:00:12,00:00:12,0,0,0,0,0,0,0,0,1,0,0,0,0,Corridoio,2_53_588,"",0,"","","","","","","","","","","","",00:00:00,false,"",0,"","","","","","",00:00:12,"","","","","","",TRUE
2018-05-28,2,53,01,co02,14:23:35,14:52:00,2_53_588,Terapia,Spunta STU somministrazione,14:29:19,14:29:31,00:00:12,00:00:12,0,0,0,0,0,0,0,0,1,0,0,0,0,Corridoio,2_53_589,"",0,"","","","","","","","","","","","",00:00:00,false,"",0,"","","","","","",00:00:12,"","","","","","",TRUE
2018-05-28,2,53,01,co02,14:23:35,14:52:00,2_53_589,ComProfessionale,0,14:29:31,14:29:37,00:00:06,00:00:06,1,0,0,0,0,0,0,0,0,0,0,0,0,Stanza Paziente,2_53_590,"",0,"","","","","","","","","","","","",00:00:00,false,"",0,"","","","","","",00:00:06,"","","","","","",TRUE
2018-05-28,2,53,01,co02,14:23:35,14:52:00,2_53_590,ParametriVitali,Rilevazione,14:29:37,14:29:50,00:00:13,00:00:13,0,0,0,0,0,0,0,0,1,0,0,0,0,Corridoio,2_53_591,"",0,"","","","","","","","","","","","",00:00:00,false,"",0,"","","","","","",00:00:13,"","","","","","",TRUE
2018-05-28,2,53,01,co02,14:23:35,14:52:00,2_53_591,CuraIndiretta,Altra documentazione,14:29:50,14:30:02,00:00:12,00:00:12,0,0,0,0,0,0,0,0,1,0,0,0,0,Corridoio,2_53_592,"",0,"","","","","","","","","","","","",00:00:00,false,"",0,"","","","","","",00:00:12,"","","","","","",TRUE
2018-05-28,2,53,01,co02,14:23:35,14:52:00,2_53_592,CuraIndiretta,Altra documentazione,14:30:02,14:30:20,00:00:18,00:00:18,0,0,0,0,0,0,0,0,1,0,0,0,0,Corridoio,2_53_593,"",0,"","","","","","","","","","","","",00:00:00,false,"",0,"","","","","","",00:00:18,"","","","","","",TRUE
2018-05-28,2,53,01,co02,14:23:35,14:52:00,2_53_593,ComProfessionale,0,14:30:20,14:30:28,00:00:08,00:00:08,1,0,0,0,0,0,0,0,0,0,0,0,0,0,2_53_594,"",0,"","","","","","","","","","","","",00:00:00,false,"",0,"","","","","","",00:00:08,"","","","","","",TRUE
2018-05-28,2,53,01,co02,14:23:35,14:52:00,2_53_594,Igiene Mani,0,14:30:28,14:30:39,00:00:11,00:00:11,0,0,0,0,0,0,0,0,0,0,0,0,0,0,user,2_53_595,1,2,2_53_595,14:30:29,14:30:39,"","","","","","","","",00:00:10,false,"",0,"","","","","","",00:00:11,"","","","","","",TRUE
2018-05-28,2,53,01,co02,14:23:35,14:52:00,2_53_595,ComProfessionale,0,14:30:29,14:30:42,00:00:13,00:00:13,0,0,1,0,0,0,0,0,0,0,0,0,0,Corridoio,2_53_596,2_53_594,1,2,2_53_594,14:30:29,14:30:39,"","","","","","","","",00:00:10,false,"",0,"","","","","","",00:00:13,"","","","","","",TRUE
2018-05-28,2,53,01,co02,14:23:35,14:52:00,2_53_596,Spostamenti,0,14:30:42,14:30:50,00:00:08,00:00:08,0,0,0,0,0,0,0,0,0,0,0,0,0,Corridoio,2_53_597,"",0,"","","","","","","","","","","","",00:00:00,false,"",0,"","","","","","",00:00:08,"","","","","","",TRUE
2018-05-28,2,53,01,co02,14:23:35,14:52:00,2_53_597,ComProfessionale,0,14:30:50,14:30:56,00:00:06,00:00:06,0,0,1,0,0,0,0,0,0,0,0,0,0,Stanza Paziente,2_53_598,"",0,"","","","","","","","","","","","",00:00:00,false,"",0,"","","","","","",00:00:06,"","","","","","",TRUE
2018-05-28,2,53,01,co02,14:23:35,14:52:00,2_53_598,Spostamenti,0,14:30:56,14:31:02,00:00:06,00:00:06,0,0,0,0,0,0,0,0,0,0,0,0,0,Corridoio,2_53_599,"",0,"","","","","","","","","","","","",00:00:00,false,"",0,"","","","","","",00:00:06,"","","","","","",TRUE
2018-05-28,2,53,01,co02,14:23:35,14:52:00,2_53_599,Igiene Mani,0,14:31:02,14:31:19,00:00:17,00:00:17,0,0,0,0,0,0,0,0,0,0,0,0,0,Corridoio,2_53_600,"",0,"","","","","","","","","","","","",00:00:00,false,"",0,"","","","","","",00:00:17,"","","","","","",TRUE
2018-05-28,2,53,01,co02,14:23:35,14:52:00,2_53_600,Emergenza,0,14:31:19,14:31:30,00:00:11,00:00:11,1,1,0,0,0,0,0,0,0,0,0,0,0,Stanza Paziente,2_53_601,"",0,"","","","","","","","","","","","",00:00:00,false,"",0,"","","","","","",00:00:11,"","","","","","",TRUE
2018-05-28,2,53,01,co02,14:23:35,14:52:00,2_53_601,Spostamenti,0,14:31:30,14:31:39,00:00:09,00:00:09,0,0,0,0,0,0,0,0,0,0,0,0,0,Corridoio,2_53_602,"",0,"","","","","","","","","","","","",00:00:00,false,"",0,"","","","","","",00:00:09,"","","","","","",TRUE
2018-05-28,2,53,01,co02,14:23:35,14:52:00,2_53_602,Terapia,Lettura prescrizione,14:31:39,14:31:45,00:00:06,00:00:06,0,0,0,0,0,0,0,0,1,0,0,0,0,Corridoio,2_53_603,"",0,"","","","","","","","","","","","",00:00:00,false,"",0,"","","","","","",00:00:06,"","","","","","",TRUE
2018-05-28,2,53,01,co02,14:23:35,14:52:00,2_53_603,Terapia,Preparazione farmaco,14:31:45,14:32:27,00:00:42,00:00:42,0,0,0,0,0,0,0,0,1,0,0,0,0,Corridoio,2_53_604,"",0,"","","","","","","","","","","","",00:00:00,false,"",0,"","","","","","",00:00:42,"","","","","","",TRUE
2018-05-28,2,53,01,co02,14:23:35,14:52:00,2_53_604,Spostamenti,0,14:32:27,14:32:31,00:00:04,00:00:04,0,0,0,0,0,0,0,0,0,0,0,0,0,Stanza Paziente,2_53_605,"",0,"","","","","","","","","","","","",00:00:00,false,"",0,"","","","","","",00:00:04,"","","","","","",TRUE
2018-05-28,2,53,01,co02,14:23:35,14:52:00,2_53_605,Terapia,Autosomministrazione,14:32:31,14:32:44,00:00:13,00:00:13,0,0,0,0,0,0,0,0,0,0,0,0,0,Stanza Paziente,user,2_53_606,1,2,2_53_606,14:32:35,14:32:44,"","","","","","","","",00:00:09,false,"",0,"","","","","","",00:00:13,"","","","","","",TRUE
2018-05-28,2,53,01,co02,14:23:35,14:52:00,2_53_606,ComProfessionale,0,14:32:35,14:33:01,00:00:26,00:00:26,1,1,0,0,0,0,0,0,0,0,0,0,0,Stanza Paziente,2_53_607,2_53_605,1,2,2_53_605,14:32:35,14:32:44,"","","","","","","","",00:00:09,false,"",0,"","","","","","",00:00:26,"","","","","","",TRUE
2018-05-28,2,53,01,co02,14:23:35,14:52:00,2_53_607,Terapia,Somministrazione pillole,14:33:01,14:33:09,00:00:08,00:00:08,0,0,0,0,0,0,0,0,0,0,0,0,0,Stanza Paziente,2_53_608,"",0,"","","","","","","","","","","","",00:00:00,false,"",0,"","","","","","",00:00:08,"","","","","","",TRUE
2018-05-28,2,53,01,co02,14:23:35,14:52:00,2_53_608,CuraDiretta,0,14:33:09,14:33:30,00:00:21,00:00:21,1,0,0,0,0,0,0,0,0,0,0,0,0,Stanza Paziente,2_53_609,"",0,"","","","","","","","","","","","",00:00:00,false,"",0,"","","","","","",00:00:21,"","","","","","",TRUE
2018-05-28,2,53,01,co02,14:23:35,14:52:00,2_53_609,Spostamenti,0,14:33:30,14:33:32,00:00:02,00:00:02,0,0,0,0,0,0,0,0,0,0,0,0,0,Corridoio,2_53_610,"",0,"","","","","","","","","","","","",00:00:00,false,"",0,"","","","","","",00:00:02,"","","","","","",TRUE
2018-05-28,2,53,01,co02,14:23:35,14:52:00,2_53_610,Spostamenti,0,14:33:32,14:33:36,00:00:04,00:00:04,0,0,0,0,0,0,0,0,0,0,0,0,0,Stanza Paziente,2_53_611,"",0,"","","","","","","","","","","","",00:00:00,false,"",0,"","","","","","",00:00:04,"","","","","","",TRUE
2018-05-28,2,53,01,co02,14:23:35,14:52:00,2_53_611,CuraDiretta,0,14:33:36,14:33:53,00:00:17,00:00:17,1,0,0,0,0,0,0,0,0,0,0,0,0,Stanza Paziente,2_53_612,"",0,"","","","","","","","","","","","",00:00:00,false,"",0,"","","","","","",00:00:17,"","","","","","",TRUE
2018-05-28,2,53,01,co02,14:23:35,14:52:00,2_53_612,Spostamenti,0,14:33:53,14:33:57,00:00:04,00:00:04,0,0,0,0,0,0,0,0,0,0,0,0,0,Corridoio,2_53_613,"",0,"","","","","","","","","","","","",00:00:00,false,"",0,"","","","","","",00:00:04,"","","","","","",TRUE
2018-05-28,2,53,01,co02,14:23:35,14:52:00,2_53_613,Spostamenti,0,14:33:57,14:34:03,00:00:06,00:00:06,0,0,0,0,0,0,0,0,0,0,0,0,0,Stanza Paziente,2_53_614,"",0,"","","","","","","","","","","","",00:00:00,false,"",0,"","","","","","",00:00:06,"","","","","","",TRUE
2018-05-28,2,53,01,co02,14:23:35,14:52:00,2_53_614,CuraDiretta,0,14:34:03,14:35:26,00:01:23,00:01:14,1,0,0,0,0,0,0,0,0,0,0,0,0,Stanza Paziente,2_53_617,2_53_615,1,2,2_53_615,14:35:00,14:35:12,"","","","","","","","",00:00:12,false,2_53_616,1,2_53_616,14:35:15,14:35:24,"","","",00:01:12,00:00:02,"",00:00:09,"","","",TRUE
2018-05-28,2,53,01,co02,14:23:35,14:52:00,2_53_615,ComProfessionale,0,14:35:00,14:35:12,00:00:12,00:00:12,0,0,1,0,0,0,0,0,0,0,0,0,0,Stanza Paziente,user,2_53_614,1,2,2_53_614,14:35:00,14:35:12,"","","","","","","","",00:00:12,false,"",0,"","","","","","",00:00:12,"","","","","","",TRUE
2018-05-28,2,53,01,co02,14:23:35,14:52:00,2_53_616,ComProfessionale,0,14:35:15,14:35:24,00:00:09,00:00:09,0,0,1,0,0,0,0,0,0,0,0,0,0,Stanza Paziente,user,"",0,"","","","","","","","","","","","",00:00:00,true,"",0,"","","","","","",00:00:09,"","","","","","",TRUE
2018-05-28,2,53,01,co02,14:23:35,14:52:00,2_53_617,Spostamenti,0,14:35:26,14:35:31,00:00:05,00:00:05,0,0,0,0,0,0,0,0,0,0,0,0,0,Corridoio,2_53_618,"",0,"","","","","","","","","","","","",00:00:00,false,"",0,"","","","","","",00:00:05,"","","","","","",TRUE
2018-05-28,2,53,01,co02,14:23:35,14:52:00,2_53_618,Terapia,Riordino/smaltimento,14:35:31,14:35:42,00:00:11,00:00:11,0,0,0,0,0,0,0,0,1,0,0,0,0,Corridoio,user,2_53_619,1,2,2_53_619,14:35:37,14:35:42,"","","","","","","","",00:00:05,false,"",0,"","","","","","",00:00:11,"","","","","","",TRUE
2018-05-28,2,53,01,co02,14:23:35,14:52:00,2_53_619,ComProfessionale,0,14:35:37,14:36:04,00:00:27,00:00:27,0,0,1,0,0,0,0,0,1,0,0,0,0,Corridoio,2_53_620,2_53_618,1,2,2_53_618,14:35:37,14:35:42,"","","","","","","","",00:00:05,false,"",0,"","","","","","",00:00:27,"","","","","","",TRUE
2018-05-28,2,53,01,co02,14:23:35,14:52:00,2_53_620,Spostamenti,0,14:36:04,14:36:07,00:00:03,00:00:03,0,0,0,0,0,0,0,0,0,0,0,0,0,Stanza Paziente,2_53_621,"",0,"","","","","","","","","","","","",00:00:00,false,"",0,"","","","","","",00:00:03,"","","","","","",TRUE
2018-05-28,2,53,01,co02,14:23:35,14:52:00,2_53_621,CuraDiretta,0,14:36:07,14:36:17,00:00:10,00:00:10,1,0,0,0,0,0,0,0,0,0,0,0,0,Stanza Paziente,user,2_53_622,1,2,2_53_622,14:36:13,14:36:17,"","","","","","","","",00:00:04,false,"",0,"","","","","","",00:00:10,"","","","","","",TRUE
2018-05-28,2,53,01,co02,14:23:35,14:52:00,2_53_622,ComProfessionale,0,14:36:13,14:36:18,00:00:05,00:00:05,1,0,0,0,0,0,0,0,0,0,0,0,0,Stanza Paziente,2_53_623,2_53_621,1,2,2_53_621,14:36:13,14:36:17,"","","","","","","","",00:00:04,false,"",0,"","","","","","",00:00:05,"","","","","","",TRUE
2018-05-28,2,53,01,co02,14:23:35,14:52:00,2_53_623,Spostamenti,0,14:36:18,14:36:22,00:00:04,00:00:04,0,0,0,0,0,0,0,0,0,0,0,0,0,Corridoio,2_53_624,"",0,"","","","","","","","","","","","",00:00:00,false,"",0,"","","","","","",00:00:04,"","","","","","",TRUE
2018-05-28,2,53,01,co02,14:23:35,14:52:00,2_53_624,Terapia,Riordino/smaltimento,14:36:22,14:36:33,00:00:11,00:00:11,0,0,0,0,0,0,0,0,1,0,0,0,0,Corridoio,2_53_625,"",0,"","","","","","","","","","","","",00:00:00,false,"",0,"","","","","","",00:00:11,"","","","","","",TRUE
2018-05-28,2,53,01,co02,14:23:35,14:52:00,2_53_625,CuraIndiretta,Altra documentazione,14:36:33,14:36:58,00:00:25,00:00:25,0,0,0,0,0,0,0,0,1,0,0,0,0,Corridoio,2_53_626,"",0,"","","","","","","","","","","","",00:00:00,false,"",0,"","","","","","",00:00:25,"","","","","","",TRUE
2018-05-28,2,53,01,co02,14:23:35,14:52:00,2_53_626,Terapia,Lettura prescrizione,14:36:58,14:37:03,00:00:05,00:00:05,0,0,0,0,0,0,0,0,1,0,0,0,0,Corridoio,2_53_627,"",0,"","","","","","","","","","","","",00:00:00,false,"",0,"","","","","","",00:00:05,"","","","","","",TRUE
2018-05-28,2,53,01,co02,14:23:35,14:52:00,2_53_627,CuraIndiretta,Altra documentazione,14:37:03,14:37:15,00:00:12,00:00:12,0,0,0,0,0,0,0,0,1,0,0,0,0,Corridoio,2_53_628,"",0,"","","","","","","","","","","","",00:00:00,false,"",0,"","","","","","",00:00:12,"","","","","","",TRUE
2018-05-28,2,53,01,co02,14:23:35,14:52:00,2_53_628,Spostamenti,0,14:37:15,14:37:17,00:00:02,00:00:02,0,0,0,0,0,0,0,0,0,0,0,0,0,Stanza Paziente,2_53_629,"",0,"","","","","","","","","","","","",00:00:00,false,"",0,"","","","","","",00:00:02,"","","","","","",TRUE
2018-05-28,2,53,01,co02,14:23:35,14:52:00,2_53_629,ComProfessionale,0,14:37:17,14:37:22,00:00:05,00:00:05,1,0,0,0,0,0,0,0,0,0,0,0,0,Stanza Paziente,2_53_630,"",0,"","","","","","","","","","","","",00:00:00,false,"",0,"","","","","","",00:00:05,"","","","","","",TRUE
2018-05-28,2,53,01,co02,14:23:35,14:52:00,2_53_630,Spostamenti,0,14:37:22,14:37:26,00:00:04,00:00:04,0,0,0,0,0,0,0,0,0,0,0,0,0,Corridoio,2_53_631,"",0,"","","","","","","","","","","","",00:00:00,false,"",0,"","","","","","",00:00:04,"","","","","","",TRUE
2018-05-28,2,53,01,co02,14:23:35,14:52:00,2_53_631,ParametriVitali,Registrazione,14:37:26,14:37:47,00:00:21,00:00:21,0,0,0,0,0,0,0,0,1,0,0,0,0,Corridoio,2_53_632,"",0,"","","","","","","","","","","","",00:00:00,false,"",0,"","","","","","",00:00:21,"","","","","","",TRUE
2018-05-28,2,53,01,co02,14:23:35,14:52:00,2_53_632,Terapia,Lettura prescrizione,14:37:47,14:37:57,00:00:10,00:00:10,0,0,0,0,0,0,0,0,1,0,0,0,0,Corridoio,2_53_633,"",0,"","","","","","","","","","","","",00:00:00,false,"",0,"","","","","","",00:00:10,"","","","","","",TRUE
2018-05-28,2,53,01,co02,14:23:35,14:52:00,2_53_633,CuraIndiretta,Altra documentazione,14:37:57,14:38:09,00:00:12,00:00:12,0,0,0,0,0,0,0,0,1,0,0,0,0,Corridoio,2_53_634,"",0,"","","","","","","","","","","","",00:00:00,false,"",0,"","","","","","",00:00:12,"","","","","","",TRUE
2018-05-28,2,53,01,co02,14:23:35,14:52:00,2_53_634,Terapia,Lettura prescrizione,14:38:09,14:38:13,00:00:04,00:00:04,0,0,0,0,0,0,0,0,1,0,0,0,0,Corridoio,2_53_635,"",0,"","","","","","","","","","","","",00:00:00,false,"",0,"","","","","","",00:00:04,"","","","","","",TRUE
2018-05-28,2,53,01,co02,14:23:35,14:52:00,2_53_635,Terapia,Preparazione farmaco,14:38:13,14:39:05,00:00:52,00:00:52,0,0,0,0,0,0,0,0,1,0,0,0,0,Corridoio,2_53_636,"",0,"","","","","","","","","","","","",00:00:00,false,"",0,"","","","","","",00:00:52,"","","","","","",TRUE
2018-05-28,2,53,01,co02,14:23:35,14:52:00,2_53_636,Igiene Mani,0,14:39:05,14:39:08,00:00:03,00:00:03,0,0,0,0,0,0,0,0,1,0,0,0,0,Corridoio,2_53_637,"",0,"","","","","","","","","","","","",00:00:00,false,"",0,"","","","","","",00:00:03,"","","","","","",TRUE
2018-05-28,2,53,01,co02,14:23:35,14:52:00,2_53_637,Spostamenti,0,14:39:08,14:39:11,00:00:03,00:00:03,0,0,0,0,0,0,0,0,0,0,0,0,0,Stanza Paziente,2_53_638,"",0,"","","","","","","","","","","","",00:00:00,false,"",0,"","","","","","",00:00:03,"","","","","","",TRUE
2018-05-28,2,53,01,co02,14:23:35,14:52:00,2_53_638,ComProfessionale,0,14:39:11,14:39:22,00:00:11,00:00:11,1,0,0,0,0,0,0,0,0,0,0,0,0,Stanza Paziente,2_53_639,"",0,"","","","","","","","","","","","",00:00:00,false,"",0,"","","","","","",00:00:11,"","","","","","",TRUE
2018-05-28,2,53,01,co02,14:23:35,14:52:00,2_53_639,Spostamenti,0,14:39:22,14:39:28,00:00:06,00:00:06,0,0,0,0,0,0,0,0,0,0,0,0,0,Corridoio,2_53_640,"",0,"","","","","","","","","","","","",00:00:00,false,"",0,"","","","","","",00:00:06,"","","","","","",TRUE
2018-05-28,2,53,01,co02,14:23:35,14:52:00,2_53_640,Spostamenti,0,14:39:28,14:39:36,00:00:08,00:00:08,0,0,0,0,0,0,0,0,0,0,0,0,0,Stanza Paziente,2_53_641,"",0,"","","","","","","","","","","","",00:00:00,false,"",0,"","","","","","",00:00:08,"","","","","","",TRUE
2018-05-28,2,53,01,co02,14:23:35,14:52:00,2_53_641,ComProfessionale,0,14:39:36,14:40:05,00:00:29,00:00:29,1,0,0,0,0,0,0,0,0,0,0,0,0,Stanza Paziente,2_53_642,"",0,"","","","","","","","","","","","",00:00:00,false,"",0,"","","","","","",00:00:29,"","","","","","",TRUE
2018-05-28,2,53,01,co02,14:23:35,14:52:00,2_53_642,Spostamenti,0,14:40:05,14:40:09,00:00:04,00:00:04,0,0,0,0,0,0,0,0,0,0,0,0,0,Corridoio,2_53_643,"",0,"","","","","","","","","","","","",00:00:00,false,"",0,"","","","","","",00:00:04,"","","","","","",TRUE
2018-05-28,2,53,01,co02,14:23:35,14:52:00,2_53_643,Spostamenti,0,14:40:09,14:40:22,00:00:13,00:00:13,0,0,0,0,0,0,0,0,0,0,0,0,0,Corridoio,2_53_645,2_53_644,1,2,2_53_644,14:40:19,14:40:22,"","","","","","","","",00:00:03,false,"",0,"","","","","","",00:00:13,"","","","","","",TRUE
2018-05-28,2,53,01,co02,14:23:35,14:52:00,2_53_644,ComProfessionale,0,14:40:19,14:40:22,00:00:03,00:00:03,0,0,1,0,0,0,0,0,0,0,0,0,0,0,2_53_645,2_53_643,1,2,2_53_643,14:40:19,14:40:22,"","","","","","","","",00:00:03,false,"",0,"","","","","","",00:00:03,"","","","","","",TRUE
2018-05-28,2,53,01,co02,14:23:35,14:52:00,2_53_645,Spostamenti,0,14:40:22,14:40:50,00:00:28,00:00:28,0,0,0,0,0,0,0,0,0,0,0,0,0,Corridoio,2_53_647,2_53_646,1,2,2_53_646,14:40:34,14:40:41,"","","","","","","","",00:00:07,false,"",0,"","","","","","",00:00:28,"","","","","","",TRUE
2018-05-28,2,53,01,co02,14:23:35,14:52:00,2_53_646,ComProfessionale,0,14:40:34,14:40:41,00:00:07,00:00:07,0,0,1,0,0,0,0,0,0,0,0,0,0,0,user,2_53_645,1,2,2_53_645,14:40:34,14:40:41,"","","","","","","","",00:00:07,false,"",0,"","","","","","",00:00:07,"","","","","","",TRUE
2018-05-28,2,53,01,co02,14:23:35,14:52:00,2_53_647,Spostamenti,0,14:40:50,14:41:18,00:00:28,00:00:28,0,0,0,0,0,0,0,0,0,0,0,0,0,Corridoio,2_53_648,"",0,"","","","","","","","","","","","",00:00:00,false,"",0,"","","","","","",00:00:28,"","","","","","",TRUE
2018-05-28,2,53,01,co02,14:23:35,14:52:00,2_53_648,Igiene Mani,0,14:41:18,14:41:46,00:00:28,00:00:28,0,0,0,0,0,0,0,0,0,0,0,0,0,Corridoio,2_53_649,"",0,"","","","","","","","","","","","",00:00:00,false,"",0,"","","","","","",00:00:28,"","","","","","",TRUE
2018-05-28,2,53,01,co02,14:23:35,14:52:00,2_53_649,Spostamenti,0,14:41:46,14:41:51,00:00:05,00:00:05,0,0,0,0,0,0,0,0,0,0,0,0,0,Stanza Paziente,2_53_650,"",0,"","","","","","","","","","","","",00:00:00,false,"",0,"","","","","","",00:00:05,"","","","","","",TRUE
2018-05-28,2,53,01,co02,14:23:35,14:52:00,2_53_650,CuraDiretta,0,14:41:51,14:42:08,00:00:17,00:00:17,1,0,0,0,0,0,0,0,0,0,0,0,0,Stanza Paziente,2_53_651,"",0,"","","","","","","","","","","","",00:00:00,false,"",0,"","","","","","",00:00:17,"","","","","","",TRUE
2018-05-28,2,53,01,co02,14:23:35,14:52:00,2_53_651,Terapia,Somministrazione iniettabili,14:42:08,14:46:08,00:04:00,00:04:00,1,0,0,0,0,0,0,0,0,0,0,0,0,Stanza Paziente,2_53_652,"",0,"","","","","","","","","","","","",00:00:00,false,"",0,"","","","","","",00:04:00,"","","","","","",TRUE
2018-05-28,2,53,01,co02,14:23:35,14:52:00,2_53_652,Spostamenti,0,14:46:08,14:46:10,00:00:02,00:00:02,0,0,0,0,0,0,0,0,0,0,0,0,0,Corridoio,2_53_653,"",0,"","","","","","","","","","","","",00:00:00,false,"",0,"","","","","","",00:00:02,"","","","","","",TRUE
2018-05-28,2,53,01,co02,14:23:35,14:52:00,2_53_653,Terapia,Riordino/smaltimento,14:46:10,14:46:33,00:00:23,00:00:13,0,0,0,0,0,0,0,0,1,0,0,0,0,Corridoio,2_53_655,"",0,"","","","","","","","","","","","",00:00:00,false,2_53_654,1,2_53_654,14:46:16,14:46:26,"","","",00:00:06,00:00:07,"",00:00:10,"","","",TRUE
2018-05-28,2,53,01,co02,14:23:35,14:52:00,2_53_654,ComProfessionale,0,14:46:16,14:46:26,00:00:10,00:00:10,0,1,0,0,0,0,0,0,1,0,0,0,0,Corridoio,user,"",0,"","","","","","","","","","","","",00:00:00,true,"",0,"","","","","","",00:00:10,"","","","","","",TRUE
2018-05-28,2,53,01,co02,14:23:35,14:52:00,2_53_655,Terapia,Preparazione farmaco,14:46:33,14:46:38,00:00:05,00:00:05,0,0,0,0,0,0,0,0,1,0,0,0,0,Corridoio,2_53_656,"",0,"","","","","","","","","","","","",00:00:00,false,"",0,"","","","","","",00:00:05,"","","","","","",TRUE
2018-05-28,2,53,01,co02,14:23:35,14:52:00,2_53_656,Spostamenti,0,14:46:38,14:46:41,00:00:03,00:00:03,0,0,0,0,0,0,0,0,0,0,0,0,0,Stanza Paziente,2_53_657,"",0,"","","","","","","","","","","","",00:00:00,false,"",0,"","","","","","",00:00:03,"","","","","","",TRUE
2018-05-28,2,53,01,co02,14:23:35,14:52:00,2_53_657,ComProfessionale,0,14:46:41,14:46:47,00:00:06,00:00:06,1,0,0,0,0,0,0,0,0,0,0,0,0,Stanza Paziente,2_53_658,"",0,"","","","","","","","","","","","",00:00:00,false,"",0,"","","","","","",00:00:06,"","","","","","",TRUE
2018-05-28,2,53,01,co02,14:23:35,14:52:00,2_53_658,CuraDiretta,0,14:46:47,14:47:24,00:00:37,00:00:37,1,0,0,0,0,0,0,0,0,0,0,0,0,Stanza Paziente,2_53_659,"",0,"","","","","","","","","","","","",00:00:00,false,"",0,"","","","","","",00:00:37,"","","","","","",TRUE
2018-05-28,2,53,01,co02,14:23:35,14:52:00,2_53_659,ComProfessionale,0,14:47:24,14:47:27,00:00:03,00:00:03,1,0,0,0,0,0,0,0,0,0,0,0,0,Stanza Paziente,2_53_660,"",0,"","","","","","","","","","","","",00:00:00,false,"",0,"","","","","","",00:00:03,"","","","","","",TRUE
2018-05-28,2,53,01,co02,14:23:35,14:52:00,2_53_660,Terapia,Somministrazione iniettabili,14:47:27,14:47:39,00:00:12,00:00:12,1,0,0,0,0,0,0,0,0,0,0,0,0,Stanza Paziente,2_53_661,"",0,"","","","","","","","","","","","",00:00:00,false,"",0,"","","","","","",00:00:12,"","","","","","",TRUE
2018-05-28,2,53,01,co02,14:23:35,14:52:00,2_53_661,Spostamenti,0,14:47:39,14:47:45,00:00:06,00:00:06,0,0,0,0,0,0,0,0,0,0,0,0,0,Corridoio,2_53_662,"",0,"","","","","","","","","","","","",00:00:00,false,"",0,"","","","","","",00:00:06,"","","","","","",TRUE
2018-05-28,2,53,01,co02,14:23:35,14:52:00,2_53_662,Terapia,Riordino/smaltimento,14:47:45,14:48:01,00:00:16,00:00:16,0,0,0,0,0,0,0,0,1,0,0,0,0,Corridoio,2_53_664,2_53_663,1,2,2_53_663,14:47:49,14:47:57,"","","","","","","","",00:00:08,false,"",0,"","","","","","",00:00:16,"","","","","","",TRUE
2018-05-28,2,53,01,co02,14:23:35,14:52:00,2_53_663,ComProfessionale,0,14:47:49,14:47:57,00:00:08,00:00:08,1,0,0,0,0,0,0,0,0,0,0,0,0,Corridoio,user,2_53_662,1,2,2_53_662,14:47:49,14:47:57,"","","","","","","","",00:00:08,false,"",0,"","","","","","",00:00:08,"","","","","","",TRUE
2018-05-28,2,53,01,co02,14:23:35,14:52:00,2_53_664,Terapia,Preparazione farmaco,14:48:01,14:48:06,00:00:05,00:00:05,0,0,0,0,0,0,0,0,1,0,0,0,0,Corridoio,2_53_665,"",0,"","","","","","","","","","","","",00:00:00,false,"",0,"","","","","","",00:00:05,"","","","","","",TRUE
2018-05-28,2,53,01,co02,14:23:35,14:52:00,2_53_665,Terapia,Spunta STU somministrazione,14:48:06,14:48:22,00:00:16,00:00:16,0,0,0,0,0,0,0,0,1,0,0,0,0,Corridoio,2_53_666,"",0,"","","","","","","","","","","","",00:00:00,false,"",0,"","","","","","",00:00:16,"","","","","","",TRUE
2018-05-28,2,53,01,co02,14:23:35,14:52:00,2_53_666,Terapia,Lettura prescrizione,14:48:22,14:48:27,00:00:05,00:00:05,0,0,0,0,0,0,0,0,1,0,0,0,0,Corridoio,2_53_667,"",0,"","","","","","","","","","","","",00:00:00,false,"",0,"","","","","","",00:00:05,"","","","","","",TRUE
2018-05-28,2,53,01,co02,14:23:35,14:52:00,2_53_667,Terapia,Spunta STU somministrazione,14:48:27,14:48:39,00:00:12,00:00:12,0,0,0,0,0,0,0,0,1,0,0,0,0,Corridoio,2_53_668,"",0,"","","","","","","","","","","","",00:00:00,false,"",0,"","","","","","",00:00:12,"","","","","","",TRUE
2018-05-28,2,53,01,co02,14:23:35,14:52:00,2_53_668,Terapia,Spunta STU somministrazione,14:48:39,14:48:55,00:00:16,00:00:16,0,0,0,0,0,0,0,0,1,0,0,0,0,Corridoio,2_53_669,"",0,"","","","","","","","","","","","",00:00:00,false,"",0,"","","","","","",00:00:16,"","","","","","",TRUE
2018-05-28,2,53,01,co02,14:23:35,14:52:00,2_53_669,Terapia,Spunta STU somministrazione,14:48:55,14:49:16,00:00:21,00:00:21,0,0,0,0,0,0,0,0,1,0,0,0,0,Corridoio,2_53_670,"",0,"","","","","","","","","","","","",00:00:00,false,"",0,"","","","","","",00:00:21,"","","","","","",TRUE
2018-05-28,2,53,01,co02,14:23:35,14:52:00,2_53_670,CuraIndiretta,Altra documentazione,14:49:16,14:49:26,00:00:10,00:00:10,0,0,0,0,0,0,0,0,1,0,0,0,0,Corridoio,2_53_671,"",0,"","","","","","","","","","","","",00:00:00,false,"",0,"","","","","","",00:00:10,"","","","","","",TRUE
2018-05-28,2,53,01,co02,14:23:35,14:52:00,2_53_671,Igiene Mani,0,14:49:26,14:49:30,00:00:04,00:00:04,0,0,0,0,0,0,0,0,0,0,0,0,0,Corridoio,2_53_672,"",0,"","","","","","","","","","","","",00:00:00,false,"",0,"","","","","","",00:00:04,"","","","","","",TRUE
2018-05-28,2,53,01,co02,14:23:35,14:52:00,2_53_672,Spostamenti,0,14:49:30,14:49:42,00:00:12,00:00:12,0,0,0,0,0,0,0,0,0,0,0,0,0,Corridoio,2_53_674,2_53_673,1,2,2_53_673,14:49:33,14:49:41,"","","","","","","","",00:00:08,false,"",0,"","","","","","",00:00:12,"","","","","","",TRUE
2018-05-28,2,53,01,co02,14:23:35,14:52:00,2_53_673,ComProfessionale,0,14:49:33,14:49:41,00:00:08,00:00:08,1,0,0,0,0,0,0,0,0,0,0,0,0,Corridoio,user,2_53_672,1,2,2_53_672,14:49:33,14:49:41,"","","","","","","","",00:00:08,false,"",0,"","","","","","",00:00:08,"","","","","","",TRUE
2018-05-28,2,53,01,co02,14:23:35,14:52:00,2_53_674,Terapia,Preparazione farmaco,14:49:42,14:50:13,00:00:31,00:00:31,0,0,0,0,0,0,0,0,1,0,0,0,0,Corridoio,2_53_675,"",0,"","","","","","","","","","","","",00:00:00,false,"",0,"","","","","","",00:00:31,"","","","","","",TRUE
2018-05-28,2,53,01,co02,14:23:35,14:52:00,2_53_675,Terapia,Somministrazione iniettabili,14:50:13,14:50:38,00:00:25,00:00:25,1,0,0,0,0,0,0,0,0,0,0,0,0,Stanza Paziente,2_53_676,"",0,"","","","","","","","","","","","",00:00:00,false,"",0,"","","","","","",00:00:25,"","","","","","",TRUE
2018-05-28,2,53,01,co02,14:23:35,14:52:00,2_53_676,CuraDiretta,0,14:50:38,14:50:48,00:00:10,00:00:10,1,0,0,0,0,0,0,0,0,0,0,0,0,Stanza Paziente,2_53_677,"",0,"","","","","","","","","","","","",00:00:00,false,"",0,"","","","","","",00:00:10,"","","","","","",TRUE
2018-05-28,2,53,01,co02,14:23:35,14:52:00,2_53_677,Terapia,Riordino/smaltimento,14:50:48,14:51:01,00:00:13,00:00:13,0,0,0,0,0,0,0,0,1,0,0,0,0,Corridoio,2_53_678,"",0,"","","","","","","","","","","","",00:00:00,false,"",0,"","","","","","",00:00:13,"","","","","","",TRUE
2018-05-28,2,53,01,co02,14:23:35,14:52:00,2_53_678,Terapia,Spunta STU somministrazione,14:51:01,14:51:24,00:00:23,00:00:23,0,0,0,0,0,0,0,0,1,0,0,0,0,Corridoio,2_53_679,"",0,"","","","","","","","","","","","",00:00:00,false,"",0,"","","","","","",00:00:23,"","","","","","",TRUE
2018-05-28,2,53,01,co02,14:23:35,14:52:00,2_53_679,ComProfessionale,0,14:51:24,14:51:37,00:00:13,00:00:13,1,0,0,0,0,0,0,0,0,0,0,0,0,Stanza Paziente,2_53_680,"",0,"","","","","","","","","","","","",00:00:00,false,"",0,"","","","","","",00:00:13,"","","","","","",TRUE
2018-05-28,2,53,01,co02,14:23:35,14:52:00,2_53_680,Spostamenti,0,14:51:37,14:52:00,00:00:23,00:00:23,0,0,0,0,0,0,0,0,0,0,0,0,0,Corridoio,user,"",0,"","","","","","","","","","","","",00:00:00,false,"",0,"","","","","","",00:00:23,"","","","","","",TRUE
2018-05-28,4,54,01,co03,14:57:15,15:27:36,4_54_681,ComProfessionale,0,14:57:15,14:57:25,00:00:10,00:00:10,0,0,0,0,0,0,0,0,0,0,0,0,0,Stanza Paziente,4_54_682,"",0,"","","","","","","","","","","","",00:00:00,false,"",0,"","","","","","",00:00:10,"","","","","","",TRUE
2018-05-28,4,54,01,co03,14:57:15,15:27:36,4_54_682,Terapia,Preparazione farmaco,14:57:25,14:57:41,00:00:16,00:00:16,0,0,0,0,0,0,0,0,0,0,0,0,0,Stanza Paziente,4_54_683,"",0,"","","","","","","","","","","","",00:00:00,false,"",0,"","","","","","",00:00:16,"","","","","","",TRUE
2018-05-28,4,54,01,co03,14:57:15,15:27:36,4_54_683,Terapia,Somministrazione iniettabili,14:57:41,14:57:52,00:00:11,00:00:11,0,0,0,0,0,0,0,0,0,0,0,0,0,0,4_54_684,"",0,"","","","","","","","","","","","",00:00:00,false,"",0,"","","","","","",00:00:11,"","","","","","",TRUE
2018-05-28,4,54,01,co03,14:57:15,15:27:36,4_54_684,Spostamenti,0,14:57:52,14:58:03,00:00:11,00:00:11,0,0,0,0,0,0,0,0,0,0,0,0,0,Corridoio,4_54_685,"",0,"","","","","","","","","","","","",00:00:00,false,"",0,"","","","","","",00:00:11,"","","","","","",TRUE
2018-05-28,4,54,01,co03,14:57:15,15:27:36,4_54_685,Terapia,Lettura prescrizione,14:58:03,14:58:37,00:00:34,00:00:34,0,0,0,0,0,0,0,0,1,0,0,0,0,Corridoio,4_54_686,"",0,"","","","","","","","","","","","",00:00:00,false,"",0,"","","","","","",00:00:34,"","","","","","",TRUE
2018-05-28,4,54,01,co03,14:57:15,15:27:36,4_54_686,ComProfessionale,0,14:58:37,14:58:45,00:00:08,00:00:08,0,0,0,0,0,0,0,0,0,0,0,0,0,0,4_54_687,"",0,"","","","","","","","","","","","",00:00:00,false,"",0,"","","","","","",00:00:08,"","","","","","",TRUE
2018-05-28,4,54,01,co03,14:57:15,15:27:36,4_54_687,ComProfessionale,0,14:58:45,14:59:03,00:00:18,00:00:18,0,0,1,0,0,0,0,0,0,0,0,0,0,0,4_54_688,"",0,"","","","","","","","","","","","",00:00:00,false,"",0,"","","","","","",00:00:18,"","","","","","",TRUE
2018-05-28,4,54,01,co03,14:57:15,15:27:36,4_54_688,CuraIndiretta,Altra documentazione,14:59:03,15:00:00,00:00:57,00:00:57,0,0,0,0,0,0,0,0,1,0,0,0,0,Corridoio,4_54_690,4_54_689,1,2,4_54_689,14:59:25,14:59:44,"","","","","","","","",00:00:19,false,"",0,"","","","","","",00:00:57,"","","","","","",TRUE
2018-05-28,4,54,01,co03,14:57:15,15:27:36,4_54_689,Terapia,Lettura prescrizione,14:59:25,14:59:44,00:00:19,00:00:19,0,0,0,0,0,0,0,0,0,0,0,0,0,0,user,4_54_688,1,2,4_54_688,14:59:25,14:59:44,"","","","","","","","",00:00:19,false,"",0,"","","","","","",00:00:19,"","","","","","",TRUE
2018-05-28,4,54,01,co03,14:57:15,15:27:36,4_54_690,CuraIndiretta,Altra documentazione,15:00:00,15:00:47,00:00:47,00:00:47,0,0,0,0,0,0,0,0,1,0,0,0,0,Corridoio,4_54_691,"",0,"","","","","","","","","","","","",00:00:00,false,"",0,"","","","","","",00:00:47,"","","","","","",TRUE
2018-05-28,4,54,01,co03,14:57:15,15:27:36,4_54_691,CuraIndiretta,Altra documentazione,15:00:47,15:01:38,00:00:51,00:00:51,0,0,0,0,0,0,0,0,0,1,0,0,0,Corridoio,4_54_692,"",0,"","","","","","","","","","","","",00:00:00,false,"",0,"","","","","","",00:00:51,"","","","","","",TRUE
2018-05-28,4,54,01,co03,14:57:15,15:27:36,4_54_692,CuraIndiretta,Altra documentazione,15:01:38,15:02:35,00:00:57,00:00:51,0,0,0,0,0,0,0,0,1,0,0,0,0,Corridoio,4_54_694,"",0,"","","","","","","","","","","","",00:00:00,false,4_54_693,1,4_54_693,15:02:24,15:02:30,"","","",00:00:46,00:00:05,"",00:00:06,"","","",TRUE
2018-05-28,4,54,01,co03,14:57:15,15:27:36,4_54_693,ComProfessionale,0,15:02:24,15:02:30,00:00:06,00:00:06,0,0,0,0,0,0,0,0,0,0,0,0,0,0,user,"",0,"","","","","","","","","","","","",00:00:00,true,"",0,"","","","","","",00:00:06,"","","","","","",TRUE
2018-05-28,4,54,01,co03,14:57:15,15:27:36,4_54_694,CuraIndiretta,Altra documentazione,15:02:35,15:03:15,00:00:40,00:00:40,0,0,0,0,0,0,0,0,0,1,0,0,0,Corridoio,4_54_695,"",0,"","","","","","","","","","","","",00:00:00,false,"",0,"","","","","","",00:00:40,"","","","","","",TRUE
2018-05-28,4,54,01,co03,14:57:15,15:27:36,4_54_695,CuraIndiretta,Altra documentazione,15:03:15,15:03:45,00:00:30,00:00:30,0,0,0,0,0,0,0,0,0,0,1,0,0,Corridoio,4_54_696,"",0,"","","","","","","","","","","","",00:00:00,false,"",0,"","","","","","",00:00:30,"","","","","","",TRUE
2018-05-28,4,54,01,co03,14:57:15,15:27:36,4_54_696,CuraIndiretta,Altra documentazione,15:03:45,15:04:10,00:00:25,00:00:14,0,0,0,0,0,0,0,0,0,1,0,0,0,Corridoio,4_54_698,"",0,"","","","","","","","","","","","",00:00:00,false,4_54_697,1,4_54_697,15:03:55,15:04:06,"","","",00:00:10,00:00:04,"",00:00:11,"","","",TRUE
2018-05-28,4,54,01,co03,14:57:15,15:27:36,4_54_697,ComProfessionale,0,15:03:55,15:04:06,00:00:11,00:00:11,1,0,0,0,0,0,0,0,0,0,0,0,0,0,user,"",0,"","","","","","","","","","","","",00:00:00,true,"",0,"","","","","","",00:00:11,"","","","","","",TRUE
2018-05-28,4,54,01,co03,14:57:15,15:27:36,4_54_698,ComProfessionale,0,15:04:10,15:04:17,00:00:07,00:00:07,0,0,1,0,0,0,0,0,0,0,0,0,0,0,4_54_699,"",0,"","","","","","","","","","","","",00:00:00,false,"",0,"","","","","","",00:00:07,"","","","","","",TRUE
2018-05-28,4,54,01,co03,14:57:15,15:27:36,4_54_699,Spostamenti,0,15:04:17,15:04:30,00:00:13,00:00:13,0,0,0,0,0,0,0,0,0,0,0,0,0,Stanza Paziente,4_54_700,"",0,"","","","","","","","","","","","",00:00:00,false,"",0,"","","","","","",00:00:13,"","","","","","",TRUE
2018-05-28,4,54,01,co03,14:57:15,15:27:36,4_54_700,CuraDiretta,0,15:04:30,15:05:07,00:00:37,00:00:37,0,0,0,0,0,0,0,0,0,0,0,0,0,Stanza Paziente,4_54_701,"",0,"","","","","","","","","","","","",00:00:00,false,"",0,"","","","","","",00:00:37,"","","","","","",TRUE
2018-05-28,4,54,01,co03,14:57:15,15:27:36,4_54_701,Terapia,Riordino/smaltimento,15:05:07,15:05:14,00:00:07,00:00:07,0,0,0,0,0,0,0,0,0,0,0,0,0,0,4_54_702,"",0,"","","","","","","","","","","","",00:00:00,false,"",0,"","","","","","",00:00:07,"","","","","","",TRUE
2018-05-28,4,54,01,co03,14:57:15,15:27:36,4_54_702,Spostamenti,0,15:05:14,15:05:34,00:00:20,00:00:20,0,0,0,0,0,0,0,0,0,0,0,0,0,Corridoio,4_54_703,"",0,"","","","","","","","","","","","",00:00:00,false,"",0,"","","","","","",00:00:20,"","","","","","",TRUE
2018-05-28,4,54,01,co03,14:57:15,15:27:36,4_54_703,Igiene Mani,0,15:05:34,15:06:04,00:00:30,00:00:30,0,0,0,0,0,0,0,0,0,0,0,0,0,Corridoio,4_54_704,"",0,"","","","","","","","","","","","",00:00:00,false,"",0,"","","","","","",00:00:30,"","","","","","",TRUE
2018-05-28,4,54,01,co03,14:57:15,15:27:36,4_54_704,CuraIndiretta,Altra documentazione,15:06:04,15:08:41,00:02:37,00:02:37,0,0,0,0,0,0,0,0,1,0,0,0,0,Corridoio,4_54_705,"",0,"","","","","","","","","","","","",00:00:00,false,"",0,"","","","","","",00:02:37,"","","","","","",TRUE
2018-05-28,4,54,01,co03,14:57:15,15:27:36,4_54_705,CuraIndiretta,Altra documentazione,15:08:41,15:09:06,00:00:25,00:00:25,0,0,0,0,0,0,0,0,0,1,0,0,0,Corridoio,4_54_706,"",0,"","","","","","","","","","","","",00:00:00,false,"",0,"","","","","","",00:00:25,"","","","","","",TRUE
2018-05-28,4,54,01,co03,14:57:15,15:27:36,4_54_706,ComProfessionale,0,15:09:06,15:09:44,00:00:38,00:00:38,0,0,1,0,0,0,0,0,0,0,0,0,0,Corridoio,4_54_708,4_54_707,1,2,4_54_707,15:09:22,15:09:44,"","","","","","","","",00:00:22,false,"",0,"","","","","","",00:00:38,"","","","","","",TRUE
2018-05-28,4,54,01,co03,14:57:15,15:27:36,4_54_707,CuraIndiretta,Altra documentazione,15:09:22,15:09:44,00:00:22,00:00:22,0,0,0,0,0,0,0,0,0,0,1,0,0,Corridoio,4_54_708,4_54_706,1,2,4_54_706,15:09:22,15:09:44,"","","","","","","","",00:00:22,false,"",0,"","","","","","",00:00:22,"","","","","","",TRUE
2018-05-28,4,54,01,co03,14:57:15,15:27:36,4_54_708,CuraIndiretta,Altra documentazione,15:09:44,15:10:07,00:00:23,00:00:23,0,0,0,0,0,0,0,0,0,1,0,0,0,Corridoio,4_54_709,"",0,"","","","","","","","","","","","",00:00:00,false,"",0,"","","","","","",00:00:23,"","","","","","",TRUE
2018-05-28,4,54,01,co03,14:57:15,15:27:36,4_54_709,CuraIndiretta,Altra documentazione,15:10:07,15:10:17,00:00:10,00:00:10,0,0,0,0,0,0,0,0,0,0,1,0,0,Corridoio,4_54_710,"",0,"","","","","","","","","","","","",00:00:00,false,"",0,"","","","","","",00:00:10,"","","","","","",TRUE
2018-05-28,4,54,01,co03,14:57:15,15:27:36,4_54_710,CuraIndiretta,Altra documentazione,15:10:17,15:13:26,00:03:09,00:03:09,0,0,0,0,0,0,0,0,0,1,0,0,0,Corridoio,4_54_711,"",0,"","","","","","","","","","","","",00:00:00,false,"",0,"","","","","","",00:03:09,"","","","","","",TRUE
2018-05-28,4,54,01,co03,14:57:15,15:27:36,4_54_711,CuraIndiretta,Altra documentazione,15:13:26,15:15:36,00:02:10,00:01:40,0,0,0,0,0,0,0,0,1,0,0,0,0,Corridoio,4_54_713,"",0,"","","","","","","","","","","","",00:00:00,false,4_54_712,1,4_54_712,15:14:27,15:14:57,"","","",00:01:01,00:00:39,"",00:00:30,"","","",TRUE
2018-05-28,4,54,01,co03,14:57:15,15:27:36,4_54_712,ComProfessionale,0,15:14:27,15:14:57,00:00:30,00:00:30,0,0,1,0,0,0,0,0,0,0,0,0,0,0,user,"",0,"","","","","","","","","","","","",00:00:00,true,"",0,"","","","","","",00:00:30,"","","","","","",TRUE
2018-05-28,4,54,01,co03,14:57:15,15:27:36,4_54_713,Spostamenti,0,15:15:36,15:15:57,00:00:21,00:00:21,0,0,0,0,0,0,0,0,0,0,0,0,0,Stanze Servizio,4_54_714,"",0,"","","","","","","","","","","","",00:00:00,false,"",0,"","","","","","",00:00:21,"","","","","","",TRUE
2018-05-28,4,54,01,co03,14:57:15,15:27:36,4_54_714,CuraIndiretta,"Ricerca materiali (guanti, devices)",15:15:57,15:16:07,00:00:10,00:00:10,0,0,0,0,0,0,0,0,0,0,0,0,0,Corridoio,4_54_715,"",0,"","","","","","","","","","","","",00:00:00,false,"",0,"","","","","","",00:00:10,"","","","","","",TRUE
2018-05-28,4,54,01,co03,14:57:15,15:27:36,4_54_715,Spostamenti,0,15:16:07,15:16:16,00:00:09,00:00:09,0,0,0,0,0,0,0,0,0,0,0,0,0,Corridoio,4_54_716,"",0,"","","","","","","","","","","","",00:00:00,false,"",0,"","","","","","",00:00:09,"","","","","","",TRUE
2018-05-28,4,54,01,co03,14:57:15,15:27:36,4_54_716,CuraIndiretta,"Ricerca materiali (guanti, devices)",15:16:16,15:16:21,00:00:05,00:00:05,0,0,0,0,0,0,0,0,0,0,0,0,0,Corridoio,4_54_717,"",0,"","","","","","","","","","","","",00:00:00,false,"",0,"","","","","","",00:00:05,"","","","","","",TRUE
2018-05-28,4,54,01,co03,14:57:15,15:27:36,4_54_717,Spostamenti,0,15:16:21,15:16:35,00:00:14,00:00:14,0,0,0,0,0,0,0,0,0,0,0,0,0,Corridoio,4_54_718,"",0,"","","","","","","","","","","","",00:00:00,false,"",0,"","","","","","",00:00:14,"","","","","","",TRUE
2018-05-28,4,54,01,co03,14:57:15,15:27:36,4_54_718,Terapia,Preparazione farmaco,15:16:35,15:17:14,00:00:39,00:00:39,0,0,0,0,0,0,0,0,0,0,0,0,0,Corridoio,4_54_719,"",0,"","","","","","","","","","","","",00:00:00,false,"",0,"","","","","","",00:00:39,"","","","","","",TRUE
2018-05-28,4,54,01,co03,14:57:15,15:27:36,4_54_719,Spostamenti,0,15:17:14,15:17:26,00:00:12,00:00:12,0,0,0,0,0,0,0,0,0,0,0,0,0,Stanze Servizio,4_54_720,"",0,"","","","","","","","","","","","",00:00:00,false,"",0,"","","","","","",00:00:12,"","","","","","",TRUE
2018-05-28,4,54,01,co03,14:57:15,15:27:36,4_54_720,Spostamenti,0,15:17:26,15:18:21,00:00:55,00:00:30,0,0,0,0,0,0,0,0,0,0,0,0,0,Corridoio,4_54_723,4_54_722,1,2,4_54_722,15:18:04,15:18:19,"","","","","","","","",00:00:15,false,4_54_721,1,4_54_721,15:17:38,15:18:03,"","","",00:00:12,00:00:18,"",00:00:25,"","","",TRUE
2018-05-28,4,54,01,co03,14:57:15,15:27:36,4_54_721,ComProfessionale,0,15:17:38,15:18:03,00:00:25,00:00:25,0,0,0,0,0,0,0,0,0,0,0,0,0,0,user,"",0,"","","","","","","","","","","","",00:00:00,true,"",0,"","","","","","",00:00:25,"","","","","","",TRUE
2018-05-28,4,54,01,co03,14:57:15,15:27:36,4_54_722,ComProfessionale,0,15:18:04,15:18:19,00:00:15,00:00:15,0,0,0,0,0,0,0,0,0,0,0,0,0,0,user,4_54_720,1,2,4_54_720,15:18:04,15:18:19,"","","","","","","","",00:00:15,false,"",0,"","","","","","",00:00:15,"","","","","","",TRUE
2018-05-28,4,54,01,co03,14:57:15,15:27:36,4_54_723,Terapia,Preparazione farmaco,15:18:21,15:18:45,00:00:24,00:00:24,0,0,0,0,0,0,0,0,1,0,0,0,0,Corridoio,4_54_724,"",0,"","","","","","","","","","","","",00:00:00,false,"",0,"","","","","","",00:00:24,"","","","","","",TRUE
2018-05-28,4,54,01,co03,14:57:15,15:27:36,4_54_724,Igiene Mani,0,15:18:45,15:18:50,00:00:05,00:00:05,0,0,0,0,0,0,0,0,0,0,0,0,0,0,4_54_725,"",0,"","","","","","","","","","","","",00:00:00,false,"",0,"","","","","","",00:00:05,"","","","","","",TRUE
2018-05-28,4,54,01,co03,14:57:15,15:27:36,4_54_725,Terapia,Preparazione farmaco,15:18:50,15:19:32,00:00:42,00:00:42,0,0,0,0,0,0,0,0,1,0,0,0,0,Corridoio,4_54_726,"",0,"","","","","","","","","","","","",00:00:00,false,"",0,"","","","","","",00:00:42,"","","","","","",TRUE
2018-05-28,4,54,01,co03,14:57:15,15:27:36,4_54_726,Terapia,Riordino/smaltimento,15:19:32,15:20:04,00:00:32,00:00:32,0,0,0,0,0,0,0,0,1,0,0,0,0,Corridoio,4_54_727,"",0,"","","","","","","","","","","","",00:00:00,false,"",0,"","","","","","",00:00:32,"","","","","","",TRUE
2018-05-28,4,54,01,co03,14:57:15,15:27:36,4_54_727,Igiene Mani,0,15:20:04,15:20:14,00:00:10,00:00:10,0,0,0,0,0,0,0,0,1,0,0,0,0,Corridoio,4_54_728,"",0,"","","","","","","","","","","","",00:00:00,false,"",0,"","","","","","",00:00:10,"","","","","","",TRUE
2018-05-28,4,54,01,co03,14:57:15,15:27:36,4_54_728,Terapia,Lettura prescrizione,15:20:14,15:20:19,00:00:05,00:00:05,0,0,0,0,0,0,0,0,0,0,0,0,0,0,4_54_729,"",0,"","","","","","","","","","","","",00:00:00,false,"",0,"","","","","","",00:00:05,"","","","","","",TRUE
2018-05-28,4,54,01,co03,14:57:15,15:27:36,4_54_729,Terapia,Preparazione farmaco,15:20:19,15:20:59,00:00:40,00:00:40,0,0,0,0,0,0,0,0,1,0,0,0,0,Corridoio,4_54_730,"",0,"","","","","","","","","","","","",00:00:00,false,"",0,"","","","","","",00:00:40,"","","","","","",TRUE
2018-05-28,4,54,01,co03,14:57:15,15:27:36,4_54_730,Terapia,Preparazione farmaco,15:20:59,15:22:19,00:01:20,00:01:20,0,0,0,0,0,0,0,0,0,0,0,0,1,Corridoio,4_54_731,"",0,"","","","","","","","","","","","",00:00:00,false,"",0,"","","","","","",00:01:20,"","","","","","",TRUE
2018-05-28,4,54,01,co03,14:57:15,15:27:36,4_54_731,ComProfessionale,0,15:22:19,15:22:34,00:00:15,00:00:15,0,0,0,0,0,0,0,0,0,0,0,0,0,Stanza Paziente,4_54_732,"",0,"","","","","","","","","","","","",00:00:00,false,"",0,"","","","","","",00:00:15,"","","","","","",TRUE
2018-05-28,4,54,01,co03,14:57:15,15:27:36,4_54_732,Terapia,Preparazione farmaco,15:22:34,15:24:37,00:02:03,00:02:03,0,0,0,0,0,0,0,0,0,0,0,0,0,Stanza Paziente,user,"4_54_733,4_54_734",2,2,4_54_733,15:24:04,15:24:18,2,4_54_734,15:24:20,15:24:37,"","","","",00:00:31,false,"",0,"","","","","","",00:02:03,"","","","","","",TRUE
2018-05-28,4,54,01,co03,14:57:15,15:27:36,4_54_733,ComSociale,0,15:24:04,15:24:18,00:00:14,00:00:14,1,0,0,0,0,0,0,0,0,0,0,0,0,Stanza Paziente,user,4_54_732,1,2,4_54_732,15:24:04,15:24:18,"","","","","","","","",00:00:14,false,"",0,"","","","","","",00:00:14,"","","","","","",TRUE
2018-05-28,4,54,01,co03,14:57:15,15:27:36,4_54_734,ComProfessionale,0,15:24:20,15:25:00,00:00:40,00:00:40,1,0,0,0,0,0,0,0,0,0,0,0,0,Stanza Paziente,user,"4_54_732,4_54_735",2,2,4_54_732,15:24:20,15:24:37,2,4_54_735,15:24:40,15:25:00,"","","","",00:00:37,false,"",0,"","","","","","",00:00:40,"","","","","","",TRUE
2018-05-28,4,54,01,co03,14:57:15,15:27:36,4_54_735,Terapia,Somministrazione iniettabili,15:24:40,15:25:12,00:00:32,00:00:32,1,0,0,0,0,0,0,0,0,0,0,0,0,Stanza Paziente,4_54_736,4_54_734,1,2,4_54_734,15:24:40,15:25:00,"","","","","","","","",00:00:20,false,"",0,"","","","","","",00:00:32,"","","","","","",TRUE
2018-05-28,4,54,01,co03,14:57:15,15:27:36,4_54_736,Igiene Mani,0,15:25:12,15:25:17,00:00:05,00:00:05,0,0,0,0,0,0,0,0,0,0,0,0,0,Corridoio,4_54_737,"",0,"","","","","","","","","","","","",00:00:00,false,"",0,"","","","","","",00:00:05,"","","","","","",TRUE
2018-05-28,4,54,01,co03,14:57:15,15:27:36,4_54_737,CuraIndiretta,Altra documentazione,15:25:17,15:25:39,00:00:22,00:00:22,0,0,0,0,0,0,0,0,0,1,0,0,0,Corridoio,4_54_738,"",0,"","","","","","","","","","","","",00:00:00,false,"",0,"","","","","","",00:00:22,"","","","","","",TRUE
2018-05-28,4,54,01,co03,14:57:15,15:27:36,4_54_738,CuraIndiretta,Altra documentazione,15:25:39,15:26:14,00:00:35,00:00:35,0,0,0,0,0,0,0,0,1,0,0,0,0,Corridoio,4_54_739,"",0,"","","","","","","","","","","","",00:00:00,false,"",0,"","","","","","",00:00:35,"","","","","","",TRUE
2018-05-28,4,54,01,co03,14:57:15,15:27:36,4_54_739,Terapia,Riordino/smaltimento,15:26:14,15:26:25,00:00:11,00:00:11,0,0,0,0,0,0,0,0,1,0,0,0,0,Corridoio,4_54_740,"",0,"","","","","","","","","","","","",00:00:00,false,"",0,"","","","","","",00:00:11,"","","","","","",TRUE
2018-05-28,4,54,01,co03,14:57:15,15:27:36,4_54_740,Terapia,Riordino/smaltimento,15:26:25,15:26:44,00:00:19,00:00:19,0,0,0,0,0,0,0,0,0,0,0,0,0,Corridoio,4_54_741,"",0,"","","","","","","","","","","","",00:00:00,false,"",0,"","","","","","",00:00:19,"","","","","","",TRUE
2018-05-28,4,54,01,co03,14:57:15,15:27:36,4_54_741,Spostamenti,0,15:26:44,15:26:54,00:00:10,00:00:10,0,0,0,0,0,0,0,0,0,0,0,0,0,Stanze Servizio,4_54_742,"",0,"","","","","","","","","","","","",00:00:00,false,"",0,"","","","","","",00:00:10,"","","","","","",TRUE
2018-05-28,4,54,01,co03,14:57:15,15:27:36,4_54_742,Spostamenti,0,15:26:54,15:27:09,00:00:15,00:00:15,0,0,0,0,0,0,0,0,0,0,0,0,0,Corridoio,4_54_743,"",0,"","","","","","","","","","","","",00:00:00,false,"",0,"","","","","","",00:00:15,"","","","","","",TRUE
2018-05-28,4,54,01,co03,14:57:15,15:27:36,4_54_743,Terapia,Riordino/smaltimento,15:27:09,15:27:36,00:00:27,00:00:27,0,0,0,0,0,0,0,0,1,0,0,0,0,Corridoio,user,"",0,"","","","","","","","","","","","",00:00:00,false,"",0,"","","","","","",00:00:27,"","","","","","",TRUE
2018-05-28,3,58,01,co01,14:13:47,14:22:57,3_58_193,Igiene Mani,0,14:13:47,14:13:55,00:00:08,00:00:08,0,0,0,0,0,0,0,0,0,0,0,0,0,0,3_58_194,"",0,"","","","","","","","","","","","",00:00:00,false,"",0,"","","","","","",00:00:08,"","","","","","",TRUE
2018-05-28,3,58,01,co01,14:13:47,14:22:57,3_58_194,CuraIndiretta,"Ricerca materiali (guanti, devices)",14:13:55,14:14:11,00:00:16,00:00:16,0,0,0,0,0,0,0,0,0,0,0,0,0,0,3_58_195,"",0,"","","","","","","","","","","","",00:00:00,false,"",0,"","","","","","",00:00:16,"","","","","","",TRUE
2018-05-28,3,58,01,co01,14:13:47,14:22:57,3_58_195,Terapia,Lettura prescrizione,14:14:11,14:14:48,00:00:37,00:00:37,0,0,0,0,0,0,0,0,0,0,0,0,0,0,3_58_197,3_58_196,1,2,3_58_196,14:14:25,14:14:42,"","","","","","","","",00:00:17,false,"",0,"","","","","","",00:00:37,"","","","","","",TRUE
2018-05-28,3,58,01,co01,14:13:47,14:22:57,3_58_196,ComProfessionale,0,14:14:25,14:14:42,00:00:17,00:00:17,1,0,0,0,0,0,0,0,1,0,0,0,0,Corridoio,user,3_58_195,1,2,3_58_195,14:14:25,14:14:42,"","","","","","","","",00:00:17,false,"",0,"","","","","","",00:00:17,"","","","","","",TRUE
2018-05-28,3,58,01,co01,14:13:47,14:22:57,3_58_197,Terapia,Preparazione farmaco,14:14:48,14:15:36,00:00:48,00:00:48,0,0,0,0,0,0,0,0,0,0,0,0,0,0,3_58_198,"",0,"","","","","","","","","","","","",00:00:00,false,"",0,"","","","","","",00:00:48,"","","","","","",TRUE
2018-05-28,3,58,01,co01,14:13:47,14:22:57,3_58_198,Terapia,Somministrazione iniettabili,14:15:36,14:16:39,00:01:03,00:01:03,0,0,0,0,0,0,0,0,0,0,0,0,0,0,3_58_200,3_58_199,1,2,3_58_199,14:16:13,14:16:33,"","","","","","","","",00:00:20,false,"",0,"","","","","","",00:01:03,"","","","","","",TRUE
2018-05-28,3,58,01,co01,14:13:47,14:22:57,3_58_199,ComProfessionale,0,14:16:13,14:16:33,00:00:20,00:00:20,1,0,0,0,0,0,0,0,0,0,0,0,0,Stanza Paziente,user,3_58_198,1,2,3_58_198,14:16:13,14:16:33,"","","","","","","","",00:00:20,false,"",0,"","","","","","",00:00:20,"","","","","","",TRUE
2018-05-28,3,58,01,co01,14:13:47,14:22:57,3_58_200,Terapia,Lettura prescrizione,14:16:39,14:17:01,00:00:22,00:00:22,0,0,0,0,0,0,0,0,0,0,0,0,0,0,3_58_201,"",0,"","","","","","","","","","","","",00:00:00,false,"",0,"","","","","","",00:00:22,"","","","","","",TRUE
2018-05-28,3,58,01,co01,14:13:47,14:22:57,3_58_201,Terapia,Preparazione farmaco,14:17:01,14:17:40,00:00:39,00:00:39,0,0,0,0,0,0,0,0,0,0,0,0,0,0,3_58_203,3_58_202,1,2,3_58_202,14:17:20,14:17:32,"","","","","","","","",00:00:12,false,"",0,"","","","","","",00:00:39,"","","","","","",TRUE
2018-05-28,3,58,01,co01,14:13:47,14:22:57,3_58_202,Terapia,Spunta STU somministrazione,14:17:20,14:17:32,00:00:12,00:00:12,0,0,0,0,0,0,0,0,0,0,0,0,0,0,user,3_58_201,1,2,3_58_201,14:17:20,14:17:32,"","","","","","","","",00:00:12,false,"",0,"","","","","","",00:00:12,"","","","","","",TRUE
2018-05-28,3,58,01,co01,14:13:47,14:22:57,3_58_203,ComProfessionale,0,14:17:40,14:18:02,00:00:22,00:00:22,1,0,0,0,0,0,0,0,0,0,0,0,0,Stanza Paziente,3_58_205,3_58_204,1,2,3_58_204,14:17:50,14:18:01,"","","","","","","","",00:00:11,false,"",0,"","","","","","",00:00:22,"","","","","","",TRUE
2018-05-28,3,58,01,co01,14:13:47,14:22:57,3_58_204,Terapia,Autosomministrazione,14:17:50,14:18:01,00:00:11,00:00:11,0,0,0,0,0,0,0,0,0,0,0,0,0,0,user,3_58_203,1,2,3_58_203,14:17:50,14:18:01,"","","","","","","","",00:00:11,false,"",0,"","","","","","",00:00:11,"","","","","","",TRUE
2018-05-28,3,58,01,co01,14:13:47,14:22:57,3_58_205,Terapia,Lettura prescrizione,14:18:02,14:20:06,00:02:04,00:02:04,0,0,0,0,0,0,0,0,1,0,0,0,0,Corridoio,3_58_207,3_58_206,1,2,3_58_206,14:18:39,14:19:13,"","","","","","","","",00:00:34,false,"",0,"","","","","","",00:02:04,"","","","","","",TRUE
2018-05-28,3,58,01,co01,14:13:47,14:22:57,3_58_206,ComProfessionale,0,14:18:39,14:19:13,00:00:34,00:00:34,0,0,0,0,1,0,0,0,0,0,0,0,0,Corridoio,user,3_58_205,1,2,3_58_205,14:18:39,14:19:13,"","","","","","","","",00:00:34,false,"",0,"","","","","","",00:00:34,"","","","","","",TRUE
2018-05-28,3,58,01,co01,14:13:47,14:22:57,3_58_207,Spostamenti,0,14:20:06,14:20:32,00:00:26,00:00:26,0,0,0,0,0,0,0,0,0,0,0,0,0,Corridoio,user,3_58_208,1,2,3_58_208,14:20:15,14:20:32,"","","","","","","","",00:00:17,false,"",0,"","","","","","",00:00:26,"","","","","","",TRUE
2018-05-28,3,58,01,co01,14:13:47,14:22:57,3_58_208,ComProfessionale,0,14:20:15,14:20:41,00:00:26,00:00:26,0,0,1,0,0,0,0,0,0,0,0,0,0,Corridoio,3_58_209,3_58_207,1,2,3_58_207,14:20:15,14:20:32,"","","","","","","","",00:00:17,false,"",0,"","","","","","",00:00:26,"","","","","","",TRUE
2018-05-28,3,58,01,co01,14:13:47,14:22:57,3_58_209,Spostamenti,0,14:20:41,14:21:02,00:00:21,00:00:21,0,0,0,0,0,0,0,0,0,0,0,0,0,Corridoio,3_58_210,"",0,"","","","","","","","","","","","",00:00:00,false,"",0,"","","","","","",00:00:21,"","","","","","",TRUE
2018-05-28,3,58,01,co01,14:13:47,14:22:57,3_58_210,ComProfessionale,0,14:21:02,14:22:57,00:01:55,00:01:55,0,0,1,0,0,0,0,0,0,0,0,0,0,Stanze Servizio,user,"",0,"","","","","","","","","","","","",00:00:00,false,"",0,"","","","","","",00:01:55,"","","","","","",TRUE
2018-05-28,3,59,01,co02,14:24:00,14:52:26,3_59_211,ComProfessionale,0,14:24:00,14:24:21,00:00:21,00:00:21,0,0,1,0,0,0,0,0,0,0,0,0,0,Stanze Servizio,3_59_212,"",0,"","","","","","","","","","","","",00:00:00,false,"",0,"","","","","","",00:00:21,"","","","","","",TRUE
2018-05-28,3,59,01,co02,14:24:00,14:52:26,3_59_212,Spostamenti,0,14:24:21,14:24:43,00:00:22,00:00:22,0,0,0,0,0,0,0,0,0,0,0,0,0,Corridoio,3_59_213,"",0,"","","","","","","","","","","","",00:00:00,false,"",0,"","","","","","",00:00:22,"","","","","","",TRUE
2018-05-28,3,59,01,co02,14:24:00,14:52:26,3_59_213,Terapia,Lettura prescrizione,14:24:43,14:25:13,00:00:30,00:00:30,0,0,0,0,0,0,0,0,1,0,0,0,0,Corridoio,3_59_214,"",0,"","","","","","","","","","","","",00:00:00,false,"",0,"","","","","","",00:00:30,"","","","","","",TRUE
2018-05-28,3,59,01,co02,14:24:00,14:52:26,3_59_214,Terapia,Verifica assunzione,14:25:13,14:25:29,00:00:16,00:00:16,1,0,0,0,0,0,0,0,0,0,0,0,0,Stanza Paziente,3_59_215,"",0,"","","","","","","","","","","","",00:00:00,false,"",0,"","","","","","",00:00:16,"","","","","","",TRUE
2018-05-28,3,59,01,co02,14:24:00,14:52:26,3_59_215,ComProfessionale,0,14:25:29,14:25:46,00:00:17,00:00:17,0,0,0,0,1,0,0,0,0,0,0,0,0,Stanza Paziente,3_59_216,"",0,"","","","","","","","","","","","",00:00:00,false,"",0,"","","","","","",00:00:17,"","","","","","",TRUE
2018-05-28,3,59,01,co02,14:24:00,14:52:26,3_59_216,Igiene Mani,0,14:25:46,14:25:52,00:00:06,00:00:06,0,0,0,0,0,0,0,0,0,0,0,0,0,0,3_59_217,"",0,"","","","","","","","","","","","",00:00:00,false,"",0,"","","","","","",00:00:06,"","","","","","",TRUE
2018-05-28,3,59,01,co02,14:24:00,14:52:26,3_59_217,ComProfessionale,0,14:25:52,14:26:33,00:00:41,00:00:41,0,1,0,0,0,0,0,0,0,0,0,0,0,Stanza Paziente,3_59_218,"",0,"","","","","","","","","","","","",00:00:00,false,"",0,"","","","","","",00:00:41,"","","","","","",TRUE
2018-05-28,3,59,01,co02,14:24:00,14:52:26,3_59_218,Terapia,Preparazione farmaco,14:26:33,14:27:51,00:01:18,00:01:18,0,0,0,0,0,0,0,0,1,0,0,0,0,Corridoio,3_59_220,3_59_219,1,2,3_59_219,14:27:18,14:27:34,"","","","","","","","",00:00:16,false,"",0,"","","","","","",00:01:18,"","","","","","",TRUE
2018-05-28,3,59,01,co02,14:24:00,14:52:26,3_59_219,CuraIndiretta,"Ricerca materiali (guanti, devices)",14:27:18,14:27:34,00:00:16,00:00:16,0,0,0,0,0,0,0,0,0,0,0,0,0,0,user,3_59_218,1,2,3_59_218,14:27:18,14:27:34,"","","","","","","","",00:00:16,false,"",0,"","","","","","",00:00:16,"","","","","","",TRUE
2018-05-28,3,59,01,co02,14:24:00,14:52:26,3_59_220,ComProfessionale,0,14:27:51,14:28:06,00:00:15,00:00:15,1,0,0,0,0,0,0,0,0,0,0,0,0,Stanza Paziente,3_59_221,"",0,"","","","","","","","","","","","",00:00:00,false,"",0,"","","","","","",00:00:15,"","","","","","",TRUE
2018-05-28,3,59,01,co02,14:24:00,14:52:26,3_59_221,Terapia,Somministrazione iniettabili,14:28:06,14:29:10,00:01:04,00:01:04,1,0,0,0,0,0,0,0,0,0,0,0,0,Stanza Paziente,3_59_223,3_59_222,1,2,3_59_222,14:28:36,14:28:50,"","","","","","","","",00:00:14,false,"",0,"","","","","","",00:01:04,"","","","","","",TRUE
2018-05-28,3,59,01,co02,14:24:00,14:52:26,3_59_222,ComProfessionale,0,14:28:36,14:28:50,00:00:14,00:00:14,1,0,0,0,0,0,0,0,0,0,0,0,0,Stanza Paziente,user,3_59_221,1,2,3_59_221,14:28:36,14:28:50,"","","","","","","","",00:00:14,false,"",0,"","","","","","",00:00:14,"","","","","","",TRUE
2018-05-28,3,59,01,co02,14:24:00,14:52:26,3_59_223,CuraDiretta,0,14:29:10,14:29:29,00:00:19,00:00:19,0,0,0,0,0,0,0,0,0,0,0,0,0,0,3_59_224,"",0,"","","","","","","","","","","","",00:00:00,false,"",0,"","","","","","",00:00:19,"","","","","","",TRUE
2018-05-28,3,59,01,co02,14:24:00,14:52:26,3_59_224,Terapia,Riordino/smaltimento,14:29:29,14:29:42,00:00:13,00:00:13,0,0,0,0,0,0,0,0,0,0,0,0,0,Corridoio,3_59_225,"",0,"","","","","","","","","","","","",00:00:00,false,"",0,"","","","","","",00:00:13,"","","","","","",TRUE
2018-05-28,3,59,01,co02,14:24:00,14:52:26,3_59_225,Terapia,Spunta STU somministrazione,14:29:42,14:29:54,00:00:12,00:00:12,0,0,0,0,0,0,0,0,0,0,0,0,0,0,3_59_226,"",0,"","","","","","","","","","","","",00:00:00,false,"",0,"","","","","","",00:00:12,"","","","","","",TRUE
2018-05-28,3,59,01,co02,14:24:00,14:52:26,3_59_226,ParametriVitali,Rilevazione,14:29:54,14:30:12,00:00:18,00:00:18,1,0,0,0,0,0,0,0,0,0,0,0,0,Stanza Paziente,3_59_227,"",0,"","","","","","","","","","","","",00:00:00,false,"",0,"","","","","","",00:00:18,"","","","","","",TRUE
2018-05-28,3,59,01,co02,14:24:00,14:52:26,3_59_227,ParametriVitali,Registrazione,14:30:12,14:30:19,00:00:07,00:00:07,0,0,0,0,0,0,0,0,0,0,0,0,0,0,3_59_228,"",0,"","","","","","","","","","","","",00:00:00,false,"",0,"","","","","","",00:00:07,"","","","","","",TRUE
2018-05-28,3,59,01,co02,14:24:00,14:52:26,3_59_228,ComProfessionale,0,14:30:19,14:30:39,00:00:20,00:00:20,1,0,0,0,0,0,0,0,0,0,0,0,0,Stanza Paziente,3_59_229,"",0,"","","","","","","","","","","","",00:00:00,false,"",0,"","","","","","",00:00:20,"","","","","","",TRUE
2018-05-28,3,59,01,co02,14:24:00,14:52:26,3_59_229,CuraIndiretta,Altra documentazione,14:30:39,14:30:53,00:00:14,00:00:14,0,0,0,0,0,0,0,0,0,0,0,0,0,0,3_59_230,"",0,"","","","","","","","","","","","",00:00:00,false,"",0,"","","","","","",00:00:14,"","","","","","",TRUE
2018-05-28,3,59,01,co02,14:24:00,14:52:26,3_59_230,ComProfessionale,0,14:30:53,14:31:27,00:00:34,00:00:34,0,0,1,0,0,0,0,0,0,0,0,0,0,Corridoio,3_59_233,"3_59_231,3_59_232",3,2,3_59_231,14:31:03,14:31:08,3,"3_59_231,3_59_232",14:31:08,14:31:23,2,3_59_231,14:31:23,14:31:24,00:00:21,false,"",0,"","","","","","",00:00:34,"","","","","","",TRUE
2018-05-28,3,59,01,co02,14:24:00,14:52:26,3_59_231,Igiene Mani,0,14:31:03,14:31:24,00:00:21,00:00:21,0,0,0,0,0,0,0,0,0,0,0,0,0,0,user,"3_59_230,3_59_232",3,2,3_59_230,14:31:03,14:31:08,3,"3_59_230,3_59_232",14:31:08,14:31:23,2,3_59_230,14:31:23,14:31:24,00:00:21,false,"",0,"","","","","","",00:00:21,"","","","","","",TRUE
2018-05-28,3,59,01,co02,14:24:00,14:52:26,3_59_232,Terapia,Lettura prescrizione,14:31:08,14:31:23,00:00:15,00:00:15,0,0,0,0,0,0,0,0,0,0,0,0,0,0,user,"3_59_230,3_59_231",1,3,"3_59_230,3_59_231",14:31:08,14:31:23,"","","","","","","","",00:00:15,false,"",0,"","","","","","",00:00:15,"","","","","","",TRUE
2018-05-28,3,59,01,co02,14:24:00,14:52:26,3_59_233,Igiene Mani,0,14:31:27,14:31:42,00:00:15,00:00:15,0,0,0,0,0,0,0,0,0,0,0,0,0,0,3_59_234,"",0,"","","","","","","","","","","","",00:00:00,false,"",0,"","","","","","",00:00:15,"","","","","","",TRUE
2018-05-28,3,59,01,co02,14:24:00,14:52:26,3_59_234,ComProfessionale,0,14:31:42,14:31:58,00:00:16,00:00:16,1,0,0,0,0,0,0,0,0,0,0,0,0,Stanza Paziente,3_59_235,"",0,"","","","","","","","","","","","",00:00:00,false,"",0,"","","","","","",00:00:16,"","","","","","",TRUE
2018-05-28,3,59,01,co02,14:24:00,14:52:26,3_59_235,Terapia,Preparazione farmaco,14:31:58,14:32:54,00:00:56,00:00:56,0,0,0,0,0,0,0,0,1,0,0,0,0,Corridoio,3_59_236,"",0,"","","","","","","","","","","","",00:00:00,false,"",0,"","","","","","",00:00:56,"","","","","","",TRUE
2018-05-28,3,59,01,co02,14:24:00,14:52:26,3_59_236,ComProfessionale,0,14:32:54,14:33:32,00:00:38,00:00:38,1,1,0,0,0,0,0,0,0,0,0,0,0,Stanza Paziente,3_59_237,"",0,"","","","","","","","","","","","",00:00:00,false,"",0,"","","","","","",00:00:38,"","","","","","",TRUE
2018-05-28,3,59,01,co02,14:24:00,14:52:26,3_59_237,CuraDiretta,0,14:33:32,14:36:04,00:02:32,00:02:09,1,0,0,0,0,0,0,0,0,0,0,0,0,Stanza Paziente,3_59_240,3_59_238,1,2,3_59_238,14:33:43,14:34:08,"","","","","","","","",00:00:25,false,3_59_239,1,3_59_239,14:35:30,14:35:53,"","","",00:01:58,00:00:11,"",00:00:23,"","","",TRUE
2018-05-28,3,59,01,co02,14:24:00,14:52:26,3_59_238,Terapia,Autosomministrazione,14:33:43,14:34:08,00:00:25,00:00:25,1,0,0,0,0,0,0,0,0,0,0,0,0,Stanza Paziente,user,3_59_237,1,2,3_59_237,14:33:43,14:34:08,"","","","","","","","",00:00:25,false,"",0,"","","","","","",00:00:25,"","","","","","",TRUE
2018-05-28,3,59,01,co02,14:24:00,14:52:26,3_59_239,ComProfessionale,0,14:35:30,14:35:53,00:00:23,00:00:23,0,0,1,0,0,0,0,0,0,0,0,0,0,0,user,"",0,"","","","","","","","","","","","",00:00:00,true,"",0,"","","","","","",00:00:23,"","","","","","",TRUE
2018-05-28,3,59,01,co02,14:24:00,14:52:26,3_59_240,ComProfessionale,0,14:36:04,14:36:28,00:00:24,00:00:24,1,0,1,0,0,0,0,0,1,0,0,0,0,Corridoio,3_59_241,"",0,"","","","","","","","","","","","",00:00:00,false,"",0,"","","","","","",00:00:24,"","","","","","",TRUE
2018-05-28,3,59,01,co02,14:24:00,14:52:26,3_59_241,CuraDiretta,0,14:36:28,14:36:49,00:00:21,00:00:21,1,0,0,0,0,0,0,0,0,0,0,0,0,Stanza Paziente,3_59_243,3_59_242,1,2,3_59_242,14:36:38,14:36:46,"","","","","","","","",00:00:08,false,"",0,"","","","","","",00:00:21,"","","","","","",TRUE
2018-05-28,3,59,01,co02,14:24:00,14:52:26,3_59_242,ComProfessionale,0,14:36:38,14:36:46,00:00:08,00:00:08,1,1,0,0,0,0,0,0,0,0,0,0,0,Stanza Paziente,user,3_59_241,1,2,3_59_241,14:36:38,14:36:46,"","","","","","","","",00:00:08,false,"",0,"","","","","","",00:00:08,"","","","","","",TRUE
2018-05-28,3,59,01,co02,14:24:00,14:52:26,3_59_243,Terapia,Lettura prescrizione,14:36:49,14:37:27,00:00:38,00:00:38,0,0,0,0,0,0,0,0,1,0,0,0,0,Corridoio,3_59_244,"",0,"","","","","","","","","","","","",00:00:00,false,"",0,"","","","","","",00:00:38,"","","","","","",TRUE
2018-05-28,3,59,01,co02,14:24:00,14:52:26,3_59_244,CuraIndiretta,Altra documentazione,14:37:27,14:37:40,00:00:13,00:00:13,0,0,0,0,0,0,0,0,0,0,0,0,0,0,3_59_245,"",0,"","","","","","","","","","","","",00:00:00,false,"",0,"","","","","","",00:00:13,"","","","","","",TRUE
2018-05-28,3,59,01,co02,14:24:00,14:52:26,3_59_245,ComProfessionale,0,14:37:40,14:37:52,00:00:12,00:00:12,1,0,0,0,0,0,0,0,0,0,0,0,0,Stanza Paziente,3_59_246,"",0,"","","","","","","","","","","","",00:00:00,false,"",0,"","","","","","",00:00:12,"","","","","","",TRUE
2018-05-28,3,59,01,co02,14:24:00,14:52:26,3_59_246,Terapia,Lettura prescrizione,14:37:52,14:38:21,00:00:29,00:00:29,0,0,0,0,0,0,0,0,1,0,0,0,0,Corridoio,3_59_247,"",0,"","","","","","","","","","","","",00:00:00,false,"",0,"","","","","","",00:00:29,"","","","","","",TRUE
2018-05-28,3,59,01,co02,14:24:00,14:52:26,3_59_247,CuraIndiretta,Altra documentazione,14:38:21,14:38:36,00:00:15,00:00:15,0,0,0,0,0,0,0,0,1,0,0,0,0,Stanze Servizio,3_59_248,"",0,"","","","","","","","","","","","",00:00:00,false,"",0,"","","","","","",00:00:15,"","","","","","",TRUE
2018-05-28,3,59,01,co02,14:24:00,14:52:26,3_59_248,Terapia,Preparazione farmaco,14:38:36,14:39:32,00:00:56,00:00:56,0,0,0,0,0,0,0,0,1,0,0,0,0,Corridoio,3_59_249,"",0,"","","","","","","","","","","","",00:00:00,false,"",0,"","","","","","",00:00:56,"","","","","","",TRUE
2018-05-28,3,59,01,co02,14:24:00,14:52:26,3_59_249,Igiene Mani,0,14:39:32,14:39:36,00:00:04,00:00:04,0,0,0,0,0,0,0,0,0,0,0,0,0,0,3_59_250,"",0,"","","","","","","","","","","","",00:00:00,false,"",0,"","","","","","",00:00:04,"","","","","","",TRUE
2018-05-28,3,59,01,co02,14:24:00,14:52:26,3_59_250,ComProfessionale,0,14:39:36,14:39:53,00:00:17,00:00:17,1,0,0,0,0,0,0,0,0,0,0,0,0,Stanza Paziente,3_59_251,"",0,"","","","","","","","","","","","",00:00:00,false,"",0,"","","","","","",00:00:17,"","","","","","",TRUE
2018-05-28,3,59,01,co02,14:24:00,14:52:26,3_59_251,CuraDiretta,0,14:39:53,14:40:39,00:00:46,00:00:46,0,0,0,0,0,0,0,0,0,0,0,0,0,Stanza Paziente,3_59_253,3_59_252,1,2,3_59_252,14:40:09,14:40:39,"","","","","","","","",00:00:30,false,"",0,"","","","","","",00:00:46,"","","","","","",TRUE
2018-05-28,3,59,01,co02,14:24:00,14:52:26,3_59_252,ComProfessionale,0,14:40:09,14:40:39,00:00:30,00:00:30,1,0,0,0,0,0,0,0,0,0,0,0,0,Stanza Paziente,3_59_253,3_59_251,1,2,3_59_251,14:40:09,14:40:39,"","","","","","","","",00:00:30,false,"",0,"","","","","","",00:00:30,"","","","","","",TRUE
2018-05-28,3,59,01,co02,14:24:00,14:52:26,3_59_253,Terapia,Preparazione farmaco,14:40:39,14:42:18,00:01:39,00:00:18,0,0,0,0,0,0,0,0,1,0,0,0,0,Corridoio,3_59_257,"",0,"","","","","","","","","","","","",00:00:00,false,3_59_254,1,3_59_254,14:40:53,14:42:14,"","","",00:00:14,00:00:04,"",00:01:21,"","","",TRUE
2018-05-28,3,59,01,co02,14:24:00,14:52:26,3_59_254,ComProfessionale,0,14:40:53,14:41:04,00:00:11,00:00:11,0,0,1,0,0,0,0,0,1,0,0,0,0,Corridoio,3_59_255,"",0,"","","","","","","","","","","","",00:00:00,true,"",0,"","","","","","",00:00:11,"","","","","","",TRUE
2018-05-28,3,59,01,co02,14:24:00,14:52:26,3_59_255,Spostamenti,0,14:41:04,14:41:41,00:00:37,00:00:37,0,0,0,0,0,0,0,0,0,0,0,0,0,Corridoio,3_59_256,"",0,"","","","","","","","","","","","",00:00:00,false,"",0,"","","","","","",00:00:37,"","","","","","",TRUE
2018-05-28,3,59,01,co02,14:24:00,14:52:26,3_59_256,Igiene Mani,0,14:41:41,14:42:14,00:00:33,00:00:33,0,0,0,0,0,0,0,0,0,0,0,0,0,Corridoio,user,"",0,"","","","","","","","","","","","",00:00:00,false,"",0,"","","","","","",00:00:33,"","","","","","",TRUE
2018-05-28,3,59,01,co02,14:24:00,14:52:26,3_59_257,Terapia,Somministrazione iniettabili,14:42:18,14:46:35,00:04:17,00:04:17,1,0,0,0,0,0,0,0,0,0,0,0,0,Stanza Paziente,3_59_258,"",0,"","","","","","","","","","","","",00:00:00,false,"",0,"","","","","","",00:04:17,"","","","","","",TRUE
2018-05-28,3,59,01,co02,14:24:00,14:52:26,3_59_258,Terapia,Riordino/smaltimento,14:46:35,14:46:56,00:00:21,00:00:13,0,0,0,0,0,0,0,0,0,0,0,0,0,0,3_59_260,"",0,"","","","","","","","","","","","",00:00:00,false,3_59_259,1,3_59_259,14:46:44,14:46:52,"","","",00:00:09,00:00:04,"",00:00:08,"","","",TRUE
2018-05-28,3,59,01,co02,14:24:00,14:52:26,3_59_259,ComProfessionale,0,14:46:44,14:46:52,00:00:08,00:00:08,0,1,0,0,0,0,0,0,0,0,0,0,0,Corridoio,user,"",0,"","","","","","","","","","","","",00:00:00,true,"",0,"","","","","","",00:00:08,"","","","","","",TRUE
2018-05-28,3,59,01,co02,14:24:00,14:52:26,3_59_260,Terapia,Preparazione farmaco,14:46:56,14:47:06,00:00:10,00:00:10,0,0,0,0,0,0,0,0,0,0,0,0,0,0,3_59_261,"",0,"","","","","","","","","","","","",00:00:00,false,"",0,"","","","","","",00:00:10,"","","","","","",TRUE
2018-05-28,3,59,01,co02,14:24:00,14:52:26,3_59_261,CuraDiretta,0,14:47:06,14:48:07,00:01:01,00:01:01,1,0,0,0,0,0,0,0,0,0,0,0,0,Stanza Paziente,3_59_263,3_59_262,1,2,3_59_262,14:47:12,14:47:20,"","","","","","","","",00:00:08,false,"",0,"","","","","","",00:01:01,"","","","","","",TRUE
2018-05-28,3,59,01,co02,14:24:00,14:52:26,3_59_262,ComProfessionale,0,14:47:12,14:47:20,00:00:08,00:00:08,1,0,0,0,0,0,0,0,0,0,0,0,0,Stanza Paziente,user,3_59_261,1,2,3_59_261,14:47:12,14:47:20,"","","","","","","","",00:00:08,false,"",0,"","","","","","",00:00:08,"","","","","","",TRUE
2018-05-28,3,59,01,co02,14:24:00,14:52:26,3_59_263,Terapia,Riordino/smaltimento,14:48:07,14:48:32,00:00:25,00:00:25,0,0,0,0,0,0,0,0,1,0,0,0,0,Corridoio,3_59_265,3_59_264,1,2,3_59_264,14:48:17,14:48:26,"","","","","","","","",00:00:09,false,"",0,"","","","","","",00:00:25,"","","","","","",TRUE
2018-05-28,3,59,01,co02,14:24:00,14:52:26,3_59_264,ComProfessionale,0,14:48:17,14:48:26,00:00:09,00:00:09,1,0,0,0,0,0,0,0,0,0,0,0,0,0,user,3_59_263,1,2,3_59_263,14:48:17,14:48:26,"","","","","","","","",00:00:09,false,"",0,"","","","","","",00:00:09,"","","","","","",TRUE
2018-05-28,3,59,01,co02,14:24:00,14:52:26,3_59_265,Terapia,Spunta STU somministrazione,14:48:32,14:48:59,00:00:27,00:00:27,0,0,0,0,0,0,0,0,1,0,0,0,0,Corridoio,3_59_266,"",0,"","","","","","","","","","","","",00:00:00,false,"",0,"","","","","","",00:00:27,"","","","","","",TRUE
2018-05-28,3,59,01,co02,14:24:00,14:52:26,3_59_266,CuraIndiretta,Altra documentazione,14:48:59,14:49:22,00:00:23,00:00:23,0,0,0,0,0,0,0,0,1,0,0,0,0,Corridoio,3_59_267,"",0,"","","","","","","","","","","","",00:00:00,false,"",0,"","","","","","",00:00:23,"","","","","","",TRUE
2018-05-28,3,59,01,co02,14:24:00,14:52:26,3_59_267,CuraIndiretta,Altra documentazione,14:49:22,14:49:52,00:00:30,00:00:30,0,0,0,0,0,0,0,0,1,0,0,0,0,Corridoio,3_59_268,"",0,"","","","","","","","","","","","",00:00:00,false,"",0,"","","","","","",00:00:30,"","","","","","",TRUE
2018-05-28,3,59,01,co02,14:24:00,14:52:26,3_59_268,Igiene Mani,0,14:49:52,14:49:57,00:00:05,00:00:05,0,0,0,0,0,0,0,0,0,0,0,0,0,0,3_59_269,"",0,"","","","","","","","","","","","",00:00:00,false,"",0,"","","","","","",00:00:05,"","","","","","",TRUE
2018-05-28,3,59,01,co02,14:24:00,14:52:26,3_59_269,ComProfessionale,0,14:49:57,14:50:04,00:00:07,00:00:07,1,0,0,0,0,0,0,0,0,0,0,0,0,Stanza Paziente,3_59_270,"",0,"","","","","","","","","","","","",00:00:00,false,"",0,"","","","","","",00:00:07,"","","","","","",TRUE
2018-05-28,3,59,01,co02,14:24:00,14:52:26,3_59_270,Terapia,Preparazione farmaco,14:50:04,14:50:46,00:00:42,00:00:42,0,0,0,0,0,0,0,0,1,0,0,0,0,Corridoio,3_59_271,"",0,"","","","","","","","","","","","",00:00:00,false,"",0,"","","","","","",00:00:42,"","","","","","",TRUE
2018-05-28,3,59,01,co02,14:24:00,14:52:26,3_59_271,Terapia,Somministrazione iniettabili,14:50:46,14:51:03,00:00:17,00:00:17,1,0,0,0,0,0,0,0,0,0,0,0,0,Stanza Paziente,3_59_272,"",0,"","","","","","","","","","","","",00:00:00,false,"",0,"","","","","","",00:00:17,"","","","","","",TRUE
2018-05-28,3,59,01,co02,14:24:00,14:52:26,3_59_272,CuraDiretta,0,14:51:03,14:51:15,00:00:12,00:00:12,1,0,0,0,0,0,0,0,0,0,0,0,0,Stanza Paziente,3_59_273,"",0,"","","","","","","","","","","","",00:00:00,false,"",0,"","","","","","",00:00:12,"","","","","","",TRUE
2018-05-28,3,59,01,co02,14:24:00,14:52:26,3_59_273,Terapia,Riordino/smaltimento,14:51:15,14:51:28,00:00:13,00:00:13,0,0,0,0,0,0,0,0,0,0,0,0,0,0,3_59_274,"",0,"","","","","","","","","","","","",00:00:00,false,"",0,"","","","","","",00:00:13,"","","","","","",TRUE
2018-05-28,3,59,01,co02,14:24:00,14:52:26,3_59_274,CuraIndiretta,Altra documentazione,14:51:28,14:51:53,00:00:25,00:00:25,0,0,0,0,0,0,0,0,1,0,0,0,0,Corridoio,3_59_275,"",0,"","","","","","","","","","","","",00:00:00,false,"",0,"","","","","","",00:00:25,"","","","","","",TRUE
2018-05-28,3,59,01,co02,14:24:00,14:52:26,3_59_275,ComProfessionale,0,14:51:53,14:52:03,00:00:10,00:00:10,1,0,0,0,0,0,0,0,0,0,0,0,0,Stanza Paziente,3_59_276,"",0,"","","","","","","","","","","","",00:00:00,false,"",0,"","","","","","",00:00:10,"","","","","","",TRUE
2018-05-28,3,59,01,co02,14:24:00,14:52:26,3_59_276,Spostamenti,0,14:52:03,14:52:26,00:00:23,00:00:23,0,0,0,0,0,0,0,0,0,0,0,0,0,Corridoio,user,"",0,"","","","","","","","","","","","",00:00:00,false,"",0,"","","","","","",00:00:23,"","","","","","",TRUE
2018-05-28,32,60,01,co03,14:57:42,15:28:06,32_60_277,ComProfessionale,0,14:57:42,14:58:00,00:00:18,00:00:18,1,0,0,0,0,0,0,0,0,0,0,0,0,0,32_60_278,"",0,"","","","","","","","","","","","",00:00:00,false,"",0,"","","","","","",00:00:18,"","","","","","",TRUE
2018-05-28,32,60,01,co03,14:57:42,15:28:06,32_60_278,Terapia,Somministrazione iniettabili,14:58:00,14:58:13,00:00:13,00:00:13,0,0,0,0,0,0,0,0,0,0,0,0,0,0,32_60_279,"",0,"","","","","","","","","","","","",00:00:00,false,"",0,"","","","","","",00:00:13,"","","","","","",TRUE
2018-05-28,32,60,01,co03,14:57:42,15:28:06,32_60_279,ComProfessionale,0,14:58:13,14:59:47,00:01:34,00:01:34,0,0,0,0,0,0,0,0,0,0,0,0,0,0,32_60_282,"32_60_280,32_60_281",2,2,32_60_280,14:58:28,14:59:34,2,32_60_281,14:59:36,14:59:46,"","","","",00:01:16,false,"",0,"","","","","","",00:01:34,"","","","","","",TRUE
2018-05-28,32,60,01,co03,14:57:42,15:28:06,32_60_280,ComProfessionale,0,14:58:28,14:59:34,00:01:06,00:01:06,0,0,0,0,0,0,0,0,1,0,0,0,0,Corridoio,user,32_60_279,1,2,32_60_279,14:58:28,14:59:34,"","","","","","","","",00:01:06,false,"",0,"","","","","","",00:01:06,"","","","","","",TRUE
2018-05-28,32,60,01,co03,14:57:42,15:28:06,32_60_281,ComProfessionale,0,14:59:36,14:59:46,00:00:10,00:00:10,0,0,0,0,0,0,0,0,0,0,0,0,0,0,user,32_60_279,1,2,32_60_279,14:59:36,14:59:46,"","","","","","","","",00:00:10,false,"",0,"","","","","","",00:00:10,"","","","","","",TRUE
2018-05-28,32,60,01,co03,14:57:42,15:28:06,32_60_282,CuraDiretta,0,14:59:47,15:01:10,00:01:23,00:01:23,0,0,0,0,0,0,0,0,1,0,0,0,0,Corridoio,32_60_283,"",0,"","","","","","","","","","","","",00:00:00,false,"",0,"","","","","","",00:01:23,"","","","","","",TRUE
2018-05-28,32,60,01,co03,14:57:42,15:28:06,32_60_283,CuraIndiretta,Altra documentazione,15:01:10,15:10:30,00:09:20,00:04:59,0,0,0,0,0,0,0,0,0,1,0,0,0,Corridoio,32_60_292,"32_60_284,32_60_291",3,2,32_60_284,15:03:29,15:03:36,2,32_60_284,15:06:33,15:06:39,2,32_60_291,15:09:10,15:10:30,00:01:33,false,"32_60_284,32_60_286",2,32_60_284,15:02:05,15:03:29,32_60_286,15:03:36,15:06:33,00:00:55,00:00:07,00:03:57,00:01:24,00:02:57,"","",TRUE
2018-05-28,32,60,01,co03,14:57:42,15:28:06,32_60_284,CuraIndiretta,Altra documentazione,15:02:05,15:06:39,00:04:34,00:01:06,0,0,0,0,0,0,0,0,1,0,0,0,0,Corridoio,user,32_60_283,2,2,32_60_283,15:03:22,15:03:36,2,32_60_283,15:06:33,15:06:39,"","","","",00:00:20,true,"32_60_285,32_60_286",2,32_60_285,15:02:51,15:03:22,32_60_286,15:03:36,15:06:33,00:00:46,00:00:14,00:00:06,00:00:31,00:02:57,"","",TRUE
2018-05-28,32,60,01,co03,14:57:42,15:28:06,32_60_285,ComProfessionale,0,15:02:51,15:03:22,00:00:31,00:00:31,0,0,0,0,0,0,0,0,0,0,0,0,0,0,user,"",0,"","","","","","","","","","","","",00:00:00,true,"",0,"","","","","","",00:00:31,"","","","","","",TRUE
2018-05-28,32,60,01,co03,14:57:42,15:28:06,32_60_286,ComSociale,0,15:03:36,15:04:36,00:01:00,00:01:00,0,0,0,0,0,0,0,0,0,1,0,0,0,Corridoio,32_60_287,"",0,"","","","","","","","","","","","",00:00:00,true,"",0,"","","","","","",00:01:00,"","","","","","",TRUE
2018-05-28,32,60,01,co03,14:57:42,15:28:06,32_60_287,CuraDiretta,0,15:04:36,15:05:35,00:00:59,00:00:59,1,0,0,0,0,0,0,0,0,0,0,0,0,Stanza Paziente,32_60_288,"",0,"","","","","","","","","","","","",00:00:00,false,"",0,"","","","","","",00:00:59,"","","","","","",TRUE
2018-05-28,32,60,01,co03,14:57:42,15:28:06,32_60_288,Terapia,Riordino/smaltimento,15:05:35,15:05:46,00:00:11,00:00:11,0,0,0,0,0,0,0,0,0,0,0,0,0,0,32_60_289,"",0,"","","","","","","","","","","","",00:00:00,false,"",0,"","","","","","",00:00:11,"","","","","","",TRUE
2018-05-28,32,60,01,co03,14:57:42,15:28:06,32_60_289,Spostamenti,0,15:05:46,15:06:01,00:00:15,00:00:15,0,0,0,0,0,0,0,0,0,0,0,0,0,0,32_60_290,"",0,"","","","","","","","","","","","",00:00:00,false,"",0,"","","","","","",00:00:15,"","","","","","",TRUE
2018-05-28,32,60,01,co03,14:57:42,15:28:06,32_60_290,Igiene Mani,0,15:06:01,15:06:33,00:00:32,00:00:32,0,0,0,0,0,0,0,0,0,0,0,0,0,Corridoio,user,"",0,"","","","","","","","","","","","",00:00:00,false,"",0,"","","","","","",00:00:32,"","","","","","",TRUE
2018-05-28,32,60,01,co03,14:57:42,15:28:06,32_60_291,ComProfessionale,0,15:09:10,15:10:30,00:01:20,00:01:20,0,0,1,0,0,0,0,0,0,1,0,0,0,0,32_60_292,32_60_283,1,2,32_60_283,15:09:10,15:10:30,"","","","","","","","",00:01:20,false,"",0,"","","","","","",00:01:20,"","","","","","",TRUE
2018-05-28,32,60,01,co03,14:57:42,15:28:06,32_60_292,CuraIndiretta,Altra documentazione,15:10:30,15:10:44,00:00:14,00:00:14,0,0,0,0,0,0,0,0,1,0,0,0,0,Corridoio,32_60_293,"",0,"","","","","","","","","","","","",00:00:00,false,"",0,"","","","","","",00:00:14,"","","","","","",TRUE
2018-05-28,32,60,01,co03,14:57:42,15:28:06,32_60_293,CuraIndiretta,Altra documentazione,15:10:44,15:13:21,00:02:37,00:02:37,0,0,0,0,0,0,0,0,0,1,0,0,0,Corridoio,32_60_294,"",0,"","","","","","","","","","","","",00:00:00,false,"",0,"","","","","","",00:02:37,"","","","","","",TRUE
2018-05-28,32,60,01,co03,14:57:42,15:28:06,32_60_294,ComProfessionale,0,15:13:21,15:13:35,00:00:14,00:00:14,0,0,0,0,0,0,0,0,0,0,0,0,0,0,32_60_295,"",0,"","","","","","","","","","","","",00:00:00,false,"",0,"","","","","","",00:00:14,"","","","","","",TRUE
2018-05-28,32,60,01,co03,14:57:42,15:28:06,32_60_295,CuraIndiretta,Altra documentazione,15:13:35,15:13:57,00:00:22,00:00:22,0,0,0,0,0,0,0,0,0,1,0,0,0,Corridoio,32_60_296,"",0,"","","","","","","","","","","","",00:00:00,false,"",0,"","","","","","",00:00:22,"","","","","","",TRUE
2018-05-28,32,60,01,co03,14:57:42,15:28:06,32_60_296,CuraIndiretta,Altra documentazione,15:13:57,15:14:44,00:00:47,00:00:47,0,0,0,0,0,0,0,0,1,0,0,0,0,Corridoio,32_60_297,"",0,"","","","","","","","","","","","",00:00:00,false,"",0,"","","","","","",00:00:47,"","","","","","",TRUE
2018-05-28,32,60,01,co03,14:57:42,15:28:06,32_60_297,CuraIndiretta,Altra documentazione,15:14:44,15:14:57,00:00:13,00:00:13,0,0,0,0,0,0,0,0,0,1,0,0,0,Corridoio,32_60_298,"",0,"","","","","","","","","","","","",00:00:00,false,"",0,"","","","","","",00:00:13,"","","","","","",TRUE
2018-05-28,32,60,01,co03,14:57:42,15:28:06,32_60_298,CuraIndiretta,Altra documentazione,15:14:57,15:15:18,00:00:21,00:00:21,0,0,0,0,0,0,0,0,1,0,0,0,0,Corridoio,32_60_299,"",0,"","","","","","","","","","","","",00:00:00,false,"",0,"","","","","","",00:00:21,"","","","","","",TRUE
2018-05-28,32,60,01,co03,14:57:42,15:28:06,32_60_299,ComProfessionale,0,15:15:18,15:15:27,00:00:09,00:00:09,0,0,1,0,0,0,0,0,0,0,0,0,0,Corridoio,32_60_300,"",0,"","","","","","","","","","","","",00:00:00,false,"",0,"","","","","","",00:00:09,"","","","","","",TRUE
2018-05-28,32,60,01,co03,14:57:42,15:28:06,32_60_300,CuraIndiretta,Altra documentazione,15:15:27,15:16:02,00:00:35,00:00:35,0,0,0,0,0,0,0,0,1,0,0,0,0,Corridoio,32_60_301,"",0,"","","","","","","","","","","","",00:00:00,false,"",0,"","","","","","",00:00:35,"","","","","","",TRUE
2018-05-28,32,60,01,co03,14:57:42,15:28:06,32_60_301,CuraIndiretta,"Ricerca materiali (guanti, devices)",15:16:02,15:16:58,00:00:56,00:00:56,0,0,0,0,0,0,0,0,0,0,0,0,0,Corridoio,32_60_302,"",0,"","","","","","","","","","","","",00:00:00,false,"",0,"","","","","","",00:00:56,"","","","","","",TRUE
2018-05-28,32,60,01,co03,14:57:42,15:28:06,32_60_302,Spostamenti,0,15:16:58,15:18:01,00:01:03,00:01:03,0,0,0,0,0,0,0,0,0,0,0,0,0,Corridoio,32_60_303,"",0,"","","","","","","","","","","","",00:00:00,false,"",0,"","","","","","",00:01:03,"","","","","","",TRUE
2018-05-28,32,60,01,co03,14:57:42,15:28:06,32_60_303,Terapia,Preparazione farmaco,15:18:01,15:19:07,00:01:06,00:01:06,0,0,0,0,0,0,0,0,1,0,0,0,0,Corridoio,32_60_306,"32_60_304,32_60_305",2,2,32_60_304,15:18:24,15:18:38,2,32_60_305,15:18:39,15:18:46,"","","","",00:00:21,false,"",0,"","","","","","",00:01:06,"","","","","","",TRUE
2018-05-28,32,60,01,co03,14:57:42,15:28:06,32_60_304,Terapia,Lettura prescrizione,15:18:24,15:18:38,00:00:14,00:00:14,0,0,0,0,0,0,0,0,0,0,0,0,0,0,user,32_60_303,1,2,32_60_303,15:18:24,15:18:38,"","","","","","","","",00:00:14,false,"",0,"","","","","","",00:00:14,"","","","","","",TRUE
2018-05-28,32,60,01,co03,14:57:42,15:28:06,32_60_305,ComProfessionale,0,15:18:39,15:18:46,00:00:07,00:00:07,0,0,0,1,0,0,0,0,0,0,0,0,0,Corridoio,user,32_60_303,1,2,32_60_303,15:18:39,15:18:46,"","","","","","","","",00:00:07,false,"",0,"","","","","","",00:00:07,"","","","","","",TRUE
2018-05-28,32,60,01,co03,14:57:42,15:28:06,32_60_306,Spostamenti,0,15:19:07,15:19:13,00:00:06,00:00:06,0,0,0,0,0,0,0,0,0,0,0,0,0,0,32_60_307,"",0,"","","","","","","","","","","","",00:00:00,false,"",0,"","","","","","",00:00:06,"","","","","","",TRUE
2018-05-28,32,60,01,co03,14:57:42,15:28:06,32_60_307,Igiene Mani,0,15:19:13,15:19:21,00:00:08,00:00:08,0,0,0,0,0,0,0,0,1,0,0,0,0,0,32_60_308,"",0,"","","","","","","","","","","","",00:00:00,false,"",0,"","","","","","",00:00:08,"","","","","","",TRUE
2018-05-28,32,60,01,co03,14:57:42,15:28:06,32_60_308,Terapia,Preparazione farmaco,15:19:21,15:20:30,00:01:09,00:01:09,0,0,0,0,0,0,0,0,1,0,0,0,0,Corridoio,32_60_310,32_60_309,1,2,32_60_309,15:19:57,15:20:26,"","","","","","","","",00:00:29,false,"",0,"","","","","","",00:01:09,"","","","","","",TRUE
2018-05-28,32,60,01,co03,14:57:42,15:28:06,32_60_309,Terapia,Riordino/smaltimento,15:19:57,15:20:26,00:00:29,00:00:29,0,0,0,0,0,0,0,0,0,0,0,0,0,0,user,32_60_308,1,2,32_60_308,15:19:57,15:20:26,"","","","","","","","",00:00:29,false,"",0,"","","","","","",00:00:29,"","","","","","",TRUE
2018-05-28,32,60,01,co03,14:57:42,15:28:06,32_60_310,Igiene Mani,0,15:20:30,15:20:41,00:00:11,00:00:11,0,0,0,0,0,0,0,0,1,0,0,0,0,Corridoio,32_60_311,"",0,"","","","","","","","","","","","",00:00:00,false,"",0,"","","","","","",00:00:11,"","","","","","",TRUE
2018-05-28,32,60,01,co03,14:57:42,15:28:06,32_60_311,Terapia,Lettura prescrizione,15:20:41,15:20:53,00:00:12,00:00:12,0,0,0,0,0,0,0,0,1,0,0,0,0,Corridoio,32_60_312,"",0,"","","","","","","","","","","","",00:00:00,false,"",0,"","","","","","",00:00:12,"","","","","","",TRUE
2018-05-28,32,60,01,co03,14:57:42,15:28:06,32_60_312,Terapia,Preparazione farmaco,15:20:53,15:21:08,00:00:15,00:00:15,0,0,0,0,0,0,0,0,0,0,0,0,0,0,32_60_313,"",0,"","","","","","","","","","","","",00:00:00,false,"",0,"","","","","","",00:00:15,"","","","","","",TRUE
2018-05-28,32,60,01,co03,14:57:42,15:28:06,32_60_313,Terapia,Preparazione farmaco,15:21:08,15:22:49,00:01:41,00:01:41,0,0,0,0,0,0,0,0,0,0,0,0,0,Corridoio,32_60_314,"",0,"","","","","","","","","","","","",00:00:00,false,"",0,"","","","","","",00:01:41,"","","","","","",TRUE
2018-05-28,32,60,01,co03,14:57:42,15:28:06,32_60_314,Terapia,Somministrazione pillole,15:22:49,15:25:16,00:02:27,00:02:27,1,0,0,0,0,0,0,0,0,0,0,0,0,Stanza Paziente,32_60_316,32_60_315,1,2,32_60_315,15:24:36,15:24:56,"","","","","","","","",00:00:20,false,"",0,"","","","","","",00:02:27,"","","","","","",TRUE
2018-05-28,32,60,01,co03,14:57:42,15:28:06,32_60_315,ComSociale,0,15:24:36,15:24:56,00:00:20,00:00:20,1,0,0,0,0,0,0,0,0,0,0,0,0,Stanza Paziente,user,32_60_314,1,2,32_60_314,15:24:36,15:24:56,"","","","","","","","",00:00:20,false,"",0,"","","","","","",00:00:20,"","","","","","",TRUE
2018-05-28,32,60,01,co03,14:57:42,15:28:06,32_60_316,Igiene Mani,0,15:25:16,15:25:39,00:00:23,00:00:23,0,0,0,0,0,0,0,0,0,0,0,0,0,Corridoio,32_60_317,"",0,"","","","","","","","","","","","",00:00:00,false,"",0,"","","","","","",00:00:23,"","","","","","",TRUE
2018-05-28,32,60,01,co03,14:57:42,15:28:06,32_60_317,Terapia,Riordino/smaltimento,15:25:39,15:25:50,00:00:11,00:00:11,0,0,0,0,0,0,0,0,1,0,0,0,0,Corridoio,32_60_318,"",0,"","","","","","","","","","","","",00:00:00,false,"",0,"","","","","","",00:00:11,"","","","","","",TRUE
2018-05-28,32,60,01,co03,14:57:42,15:28:06,32_60_318,CuraIndiretta,Altra documentazione,15:25:50,15:26:10,00:00:20,00:00:20,0,0,0,0,0,0,0,0,0,1,0,0,0,Corridoio,32_60_319,"",0,"","","","","","","","","","","","",00:00:00,false,"",0,"","","","","","",00:00:20,"","","","","","",TRUE
2018-05-28,32,60,01,co03,14:57:42,15:28:06,32_60_319,CuraIndiretta,Altra documentazione,15:26:10,15:26:42,00:00:32,00:00:32,0,0,0,0,0,0,0,0,0,1,0,0,0,Corridoio,32_60_320,"",0,"","","","","","","","","","","","",00:00:00,false,"",0,"","","","","","",00:00:32,"","","","","","",TRUE
2018-05-28,32,60,01,co03,14:57:42,15:28:06,32_60_320,Terapia,Riordino/smaltimento,15:26:42,15:27:10,00:00:28,00:00:28,0,0,0,0,0,0,0,0,1,0,0,0,0,Corridoio,32_60_321,"",0,"","","","","","","","","","","","",00:00:00,false,"",0,"","","","","","",00:00:28,"","","","","","",TRUE
2018-05-28,32,60,01,co03,14:57:42,15:28:06,32_60_321,Terapia,Riordino/smaltimento,15:27:10,15:27:36,00:00:26,00:00:26,0,0,0,0,0,0,0,0,0,0,0,0,0,Stanze Servizio,32_60_322,"",0,"","","","","","","","","","","","",00:00:00,false,"",0,"","","","","","",00:00:26,"","","","","","",TRUE
2018-05-28,32,60,01,co03,14:57:42,15:28:06,32_60_322,Terapia,Riordino/smaltimento,15:27:36,15:28:06,00:00:30,00:00:30,0,0,0,0,0,0,0,0,1,0,0,0,0,Corridoio,user,"",0,"","","","","","","","","","","","",00:00:00,false,"",0,"","","","","","",00:00:30,"","","","","","",TRUE
